[{"pk": 126, "model": "admin.logentry", "fields": {"action_flag": 1, "action_time": "2010-02-21 16:14:44", "object_repr": "8 oz. Cappuccino at Little Red Bike Cafe", "object_id": "51", "change_message": "", "user": 1, "content_type": 16}}, {"pk": 125, "model": "admin.logentry", "fields": {"action_flag": 1, "action_time": "2010-02-21 14:33:44", "object_repr": "12 oz. Drip", "object_id": "50", "change_message": "", "user": 4, "content_type": 16}}, {"pk": 124, "model": "admin.logentry", "fields": {"action_flag": 1, "action_time": "2010-02-20 19:47:29", "object_repr": "12 oz. Shot In The Dark at Sterling Coffee Roasters", "object_id": "49", "change_message": "", "user": 5, "content_type": 16}}, {"pk": 123, "model": "admin.logentry", "fields": {"action_flag": 1, "action_time": "2010-02-20 19:46:38", "object_repr": "Brazil and Costa Rica (Sterling Coffee Roasters)", "object_id": "18", "change_message": "", "user": 5, "content_type": 10}}, {"pk": 122, "model": "admin.logentry", "fields": {"action_flag": 2, "action_time": "2010-02-20 16:45:10", "object_repr": "8 oz. Cappuccino at Little Red Bike Cafe", "object_id": "48", "change_message": "Changed coffee_bean.", "user": 1, "content_type": 16}}, {"pk": 121, "model": "admin.logentry", "fields": {"action_flag": 1, "action_time": "2010-02-20 16:44:44", "object_repr": "Ethiopia Sidamo (Courier Coffee)", "object_id": "17", "change_message": "", "user": 1, "content_type": 10}}, {"pk": 120, "model": "admin.logentry", "fields": {"action_flag": 1, "action_time": "2010-02-20 16:42:25", "object_repr": "8 oz. Cappuccino at Little Red Bike Cafe", "object_id": "48", "change_message": "", "user": 1, "content_type": 16}}, {"pk": 119, "model": "admin.logentry", "fields": {"action_flag": 1, "action_time": "2010-02-20 11:26:13", "object_repr": "8 oz. Cappuccino at Albina Press", "object_id": "47", "change_message": "", "user": 1, "content_type": 16}}, {"pk": 118, "model": "admin.logentry", "fields": {"action_flag": 1, "action_time": "2010-02-20 11:25:17", "object_repr": "Albina Press", "object_id": "11", "change_message": "", "user": 1, "content_type": 14}}, {"pk": 117, "model": "admin.logentry", "fields": {"action_flag": 1, "action_time": "2010-02-19 18:34:52", "object_repr": "12 oz. Drip", "object_id": "46", "change_message": "", "user": 1, "content_type": 16}}, {"pk": 116, "model": "admin.logentry", "fields": {"action_flag": 1, "action_time": "2010-02-19 18:34:26", "object_repr": "Major Dickason's Blend (Peet's Coffee & Tea)", "object_id": "16", "change_message": "", "user": 1, "content_type": 10}}, {"pk": 115, "model": "admin.logentry", "fields": {"action_flag": 1, "action_time": "2010-02-19 18:33:09", "object_repr": "Peet's Coffee & Tea", "object_id": "10", "change_message": "", "user": 1, "content_type": 9}}, {"pk": 114, "model": "admin.logentry", "fields": {"action_flag": 1, "action_time": "2010-02-19 12:58:08", "object_repr": "16 oz. Latte at Kettleman Bagels & Bakery", "object_id": "45", "change_message": "", "user": 4, "content_type": 16}}, {"pk": 113, "model": "admin.logentry", "fields": {"action_flag": 1, "action_time": "2010-02-19 11:32:14", "object_repr": "12 oz. Latte at Stumptown Coffee Roasters - Downtown", "object_id": "44", "change_message": "", "user": 1, "content_type": 16}}, {"pk": 112, "model": "admin.logentry", "fields": {"action_flag": 1, "action_time": "2010-02-19 11:08:27", "object_repr": "8 oz. Americano at Stumptown Coffee Roasters - Downtown", "object_id": "43", "change_message": "", "user": 5, "content_type": 16}}, {"pk": 111, "model": "admin.logentry", "fields": {"action_flag": 3, "action_time": "2010-02-19 01:36:01", "object_repr": "Home", "object_id": "4", "change_message": "", "user": 1, "content_type": 14}}, {"pk": 110, "model": "admin.logentry", "fields": {"action_flag": 1, "action_time": "2010-02-18 17:00:35", "object_repr": "12 oz. Latte", "object_id": "42", "change_message": "", "user": 1, "content_type": 16}}, {"pk": 109, "model": "admin.logentry", "fields": {"action_flag": 1, "action_time": "2010-02-18 16:01:48", "object_repr": "8 oz. French Press at Frenchy", "object_id": "41", "change_message": "", "user": 5, "content_type": 16}}, {"pk": 108, "model": "admin.logentry", "fields": {"action_flag": 1, "action_time": "2010-02-18 16:01:39", "object_repr": "Frenchy", "object_id": "10", "change_message": "", "user": 5, "content_type": 14}}, {"pk": 107, "model": "admin.logentry", "fields": {"action_flag": 1, "action_time": "2010-02-18 15:59:41", "object_repr": "Sumatra Mandheling (Mudd Works Roaster)", "object_id": "15", "change_message": "", "user": 5, "content_type": 10}}, {"pk": 106, "model": "admin.logentry", "fields": {"action_flag": 1, "action_time": "2010-02-18 15:58:21", "object_repr": "Mudd Works Roaster", "object_id": "9", "change_message": "", "user": 5, "content_type": 9}}, {"pk": 105, "model": "admin.logentry", "fields": {"action_flag": 1, "action_time": "2010-02-18 12:47:10", "object_repr": "16 oz. Latte at Spella Caffe - 5th Street", "object_id": "40", "change_message": "", "user": 4, "content_type": 16}}, {"pk": 104, "model": "admin.logentry", "fields": {"action_flag": 1, "action_time": "2010-02-18 12:24:05", "object_repr": "8 oz. Shot In The Dark at Spella Caffe - 5th Street", "object_id": "39", "change_message": "", "user": 5, "content_type": 16}}, {"pk": 103, "model": "admin.logentry", "fields": {"action_flag": 1, "action_time": "2010-02-18 12:22:34", "object_repr": "Spella Espresso + Spella Bean (Spella Caffe)", "object_id": "14", "change_message": "", "user": 5, "content_type": 10}}, {"pk": 102, "model": "admin.logentry", "fields": {"action_flag": 1, "action_time": "2010-02-18 12:20:43", "object_repr": "Shot In The Dark", "object_id": "15", "change_message": "", "user": 5, "content_type": 11}}, {"pk": 101, "model": "admin.logentry", "fields": {"action_flag": 1, "action_time": "2010-02-17 15:57:11", "object_repr": "16 oz. Drip at Kettleman Bagels & Bakery", "object_id": "38", "change_message": "", "user": 5, "content_type": 16}}, {"pk": 100, "model": "admin.logentry", "fields": {"action_flag": 1, "action_time": "2010-02-17 14:00:14", "object_repr": "12 oz. French Press", "object_id": "37", "change_message": "", "user": 1, "content_type": 16}}, {"pk": 99, "model": "admin.logentry", "fields": {"action_flag": 2, "action_time": "2010-02-16 18:03:27", "object_repr": "Kettleman Bagels & Bakery", "object_id": "9", "change_message": "Changed address, zip and status.", "user": 1, "content_type": 14}}, {"pk": 98, "model": "admin.logentry", "fields": {"action_flag": 1, "action_time": "2010-02-16 17:58:57", "object_repr": "8 oz. Cappuccino at Spella Caffe - 5th Street", "object_id": "36", "change_message": "", "user": 1, "content_type": 16}}, {"pk": 97, "model": "admin.logentry", "fields": {"action_flag": 2, "action_time": "2010-02-16 12:47:54", "object_repr": "16 oz. Latte at Kettleman Bagels & Bakery", "object_id": "31", "change_message": "Changed coffee_bean.", "user": 1, "content_type": 16}}, {"pk": 96, "model": "admin.logentry", "fields": {"action_flag": 2, "action_time": "2010-02-16 12:47:41", "object_repr": "16 oz. Latte at Kettleman Bagels & Bakery", "object_id": "34", "change_message": "Changed coffee_bean.", "user": 1, "content_type": 16}}, {"pk": 94, "model": "admin.logentry", "fields": {"action_flag": 3, "action_time": "2010-02-16 12:46:04", "object_repr": "test1", "object_id": "2", "change_message": "", "user": 1, "content_type": 4}}, {"pk": 95, "model": "admin.logentry", "fields": {"action_flag": 3, "action_time": "2010-02-16 12:46:04", "object_repr": "test2", "object_id": "3", "change_message": "", "user": 1, "content_type": 4}}, {"pk": 93, "model": "admin.logentry", "fields": {"action_flag": 2, "action_time": "2010-02-16 12:45:52", "object_repr": "chris", "object_id": "1", "change_message": "Changed first_name and last_name.", "user": 1, "content_type": 4}}, {"pk": 92, "model": "admin.logentry", "fields": {"action_flag": 2, "action_time": "2010-02-16 12:45:31", "object_repr": "mbuzzard", "object_id": "7", "change_message": "Changed first_name, last_name and is_superuser.", "user": 1, "content_type": 4}}, {"pk": 91, "model": "admin.logentry", "fields": {"action_flag": 1, "action_time": "2010-02-16 12:44:46", "object_repr": "12 oz. Latte at Stumptown Coffee Roasters - Downtown", "object_id": "35", "change_message": "", "user": 1, "content_type": 16}}, {"pk": 90, "model": "admin.logentry", "fields": {"action_flag": 1, "action_time": "2010-02-16 12:19:59", "object_repr": "16 oz. Latte at Kettleman Bagels & Bakery", "object_id": "34", "change_message": "", "user": 4, "content_type": 16}}, {"pk": 89, "model": "admin.logentry", "fields": {"action_flag": 1, "action_time": "2010-02-16 11:48:17", "object_repr": "16 oz. Drip at Kettleman Bagels & Bakery", "object_id": "33", "change_message": "", "user": 5, "content_type": 16}}, {"pk": 88, "model": "admin.logentry", "fields": {"action_flag": 1, "action_time": "2010-02-16 11:47:08", "object_repr": "Columbia La Esperanza", "object_id": "13", "change_message": "", "user": 5, "content_type": 10}}, {"pk": 87, "model": "admin.logentry", "fields": {"action_flag": 1, "action_time": "2010-02-15 12:56:18", "object_repr": "Drip", "object_id": "32", "change_message": "", "user": 1, "content_type": 16}}, {"pk": 86, "model": "admin.logentry", "fields": {"action_flag": 1, "action_time": "2010-02-15 12:28:14", "object_repr": "16 oz. Latte at Kettleman Bagels & Bakery", "object_id": "31", "change_message": "", "user": 4, "content_type": 16}}, {"pk": 85, "model": "admin.logentry", "fields": {"action_flag": 1, "action_time": "2010-02-15 12:28:03", "object_repr": "Kettleman Bagels & Bakery", "object_id": "9", "change_message": "", "user": 4, "content_type": 14}}, {"pk": 84, "model": "admin.logentry", "fields": {"action_flag": 1, "action_time": "2010-02-15 12:27:51", "object_repr": "Bakery", "object_id": "2", "change_message": "", "user": 4, "content_type": 13}}, {"pk": 83, "model": "admin.logentry", "fields": {"action_flag": 1, "action_time": "2010-02-15 12:26:37", "object_repr": "Stumptown Espresso", "object_id": "12", "change_message": "", "user": 4, "content_type": 10}}, {"pk": 82, "model": "admin.logentry", "fields": {"action_flag": 2, "action_time": "2010-02-14 19:41:58", "object_repr": "Sterling Coffee Roasters", "object_id": "8", "change_message": "Changed name and slug.", "user": 1, "content_type": 14}}, {"pk": 81, "model": "admin.logentry", "fields": {"action_flag": 3, "action_time": "2010-02-14 19:41:34", "object_repr": "Sterling Coffee Roaster", "object_id": "7", "change_message": "", "user": 1, "content_type": 14}}, {"pk": 80, "model": "admin.logentry", "fields": {"action_flag": 2, "action_time": "2010-02-14 19:41:11", "object_repr": "Little Red Bike Cafe", "object_id": "6", "change_message": "No fields changed.", "user": 1, "content_type": 14}}, {"pk": 79, "model": "admin.logentry", "fields": {"action_flag": 2, "action_time": "2010-02-14 19:40:31", "object_repr": "Little Red Bike Cafe", "object_id": "6", "change_message": "Changed name, slug and state.", "user": 1, "content_type": 14}}, {"pk": 78, "model": "admin.logentry", "fields": {"action_flag": 1, "action_time": "2010-02-14 19:39:57", "object_repr": "Chemex", "object_id": "14", "change_message": "", "user": 1, "content_type": 11}}, {"pk": 77, "model": "admin.logentry", "fields": {"action_flag": 2, "action_time": "2010-02-14 19:20:37", "object_repr": "Sterling Coffee Roasters", "object_id": "8", "change_message": "Changed name, slug and url.", "user": 1, "content_type": 9}}, {"pk": 76, "model": "admin.logentry", "fields": {"action_flag": 2, "action_time": "2010-02-14 19:12:07", "object_repr": "8 oz. Americano at Sterling Coffee Roaster", "object_id": "30", "change_message": "No fields changed.", "user": 5, "content_type": 16}}, {"pk": 75, "model": "admin.logentry", "fields": {"action_flag": 1, "action_time": "2010-02-14 19:10:43", "object_repr": "8 oz. Americano at Sterling Coffee Roaster", "object_id": "30", "change_message": "", "user": 5, "content_type": 16}}, {"pk": 74, "model": "admin.logentry", "fields": {"action_flag": 1, "action_time": "2010-02-14 19:09:43", "object_repr": "Sterling Coffee Roaster", "object_id": "8", "change_message": "", "user": 5, "content_type": 14}}, {"pk": 73, "model": "admin.logentry", "fields": {"action_flag": 1, "action_time": "2010-02-14 19:07:44", "object_repr": "El Salvador", "object_id": "11", "change_message": "", "user": 5, "content_type": 10}}, {"pk": 72, "model": "admin.logentry", "fields": {"action_flag": 1, "action_time": "2010-02-14 19:07:12", "object_repr": "Sterling Coffee Roaster", "object_id": "8", "change_message": "", "user": 5, "content_type": 9}}, {"pk": 71, "model": "admin.logentry", "fields": {"action_flag": 1, "action_time": "2010-02-14 18:56:44", "object_repr": "Sterling Coffee Roaster", "object_id": "7", "change_message": "", "user": 5, "content_type": 14}}, {"pk": 70, "model": "admin.logentry", "fields": {"action_flag": 1, "action_time": "2010-02-14 17:09:51", "object_repr": "8 oz. Drip", "object_id": "29", "change_message": "", "user": 4, "content_type": 16}}, {"pk": 69, "model": "admin.logentry", "fields": {"action_flag": 1, "action_time": "2010-02-14 12:07:42", "object_repr": "16 oz. French Press at Little Red Bike", "object_id": "28", "change_message": "", "user": 5, "content_type": 16}}, {"pk": 68, "model": "admin.logentry", "fields": {"action_flag": 1, "action_time": "2010-02-14 12:06:59", "object_repr": "Little Red Bike", "object_id": "6", "change_message": "", "user": 5, "content_type": 14}}, {"pk": 67, "model": "admin.logentry", "fields": {"action_flag": 1, "action_time": "2010-02-13 12:41:44", "object_repr": "12 oz. Drip", "object_id": "27", "change_message": "", "user": 4, "content_type": 16}}, {"pk": 66, "model": "admin.logentry", "fields": {"action_flag": 1, "action_time": "2010-02-13 12:41:33", "object_repr": "Columbian El Jordan", "object_id": "10", "change_message": "", "user": 4, "content_type": 10}}, {"pk": 65, "model": "admin.logentry", "fields": {"action_flag": 1, "action_time": "2010-02-12 18:36:38", "object_repr": "8 oz. Cappuccino at Barista", "object_id": "26", "change_message": "", "user": 1, "content_type": 16}}, {"pk": 64, "model": "admin.logentry", "fields": {"action_flag": 1, "action_time": "2010-02-12 18:35:45", "object_repr": "Honey Michicoy, Guatemala", "object_id": "9", "change_message": "", "user": 1, "content_type": 10}}, {"pk": 63, "model": "admin.logentry", "fields": {"action_flag": 1, "action_time": "2010-02-12 18:32:49", "object_repr": "Barefoot Coffee Roasters", "object_id": "7", "change_message": "", "user": 1, "content_type": 9}}, {"pk": 62, "model": "admin.logentry", "fields": {"action_flag": 2, "action_time": "2010-02-12 18:21:19", "object_repr": "Haile, Ethipoia Sidamo", "object_id": "8", "change_message": "Changed name and status.", "user": 1, "content_type": 10}}, {"pk": 61, "model": "admin.logentry", "fields": {"action_flag": 2, "action_time": "2010-02-12 18:20:39", "object_repr": "Verve", "object_id": "6", "change_message": "Changed status.", "user": 1, "content_type": 9}}, {"pk": 60, "model": "admin.logentry", "fields": {"action_flag": 1, "action_time": "2010-02-12 18:17:06", "object_repr": "8 oz. Latte at Barista", "object_id": "25", "change_message": "", "user": 4, "content_type": 16}}, {"pk": 59, "model": "admin.logentry", "fields": {"action_flag": 1, "action_time": "2010-02-12 18:16:52", "object_repr": "HAILE, ETHIOPIA SIDAMO by VERVE", "object_id": "8", "change_message": "", "user": 4, "content_type": 10}}, {"pk": 58, "model": "admin.logentry", "fields": {"action_flag": 1, "action_time": "2010-02-12 18:16:49", "object_repr": "Verve", "object_id": "6", "change_message": "", "user": 4, "content_type": 9}}, {"pk": 57, "model": "admin.logentry", "fields": {"action_flag": 1, "action_time": "2010-02-12 12:22:34", "object_repr": "12 oz. Latte at Stumptown Coffee Roasters - Downtown", "object_id": "24", "change_message": "", "user": 1, "content_type": 16}}, {"pk": 56, "model": "admin.logentry", "fields": {"action_flag": 2, "action_time": "2010-02-12 12:01:50", "object_repr": "12 oz. Drip", "object_id": "23", "change_message": "Changed coffee_place.", "user": 4, "content_type": 16}}, {"pk": 55, "model": "admin.logentry", "fields": {"action_flag": 1, "action_time": "2010-02-12 12:01:28", "object_repr": "12 oz. Drip at Heart", "object_id": "23", "change_message": "", "user": 4, "content_type": 16}}, {"pk": 54, "model": "admin.logentry", "fields": {"action_flag": 2, "action_time": "2010-02-11 17:58:19", "object_repr": "12 oz. Americano at Stumptown Coffee Roasters - Downtown", "object_id": "22", "change_message": "Changed consumption.", "user": 1, "content_type": 16}}, {"pk": 53, "model": "admin.logentry", "fields": {"action_flag": 1, "action_time": "2010-02-11 17:57:33", "object_repr": "12 oz. Americano at Stumptown Coffee Roasters - Downtown", "object_id": "22", "change_message": "", "user": 6, "content_type": 16}}, {"pk": 52, "model": "admin.logentry", "fields": {"action_flag": 2, "action_time": "2010-02-11 17:54:59", "object_repr": "bonerton", "object_id": "6", "change_message": "Changed first_name, last_name, email, is_staff and is_superuser.", "user": 1, "content_type": 4}}, {"pk": 51, "model": "admin.logentry", "fields": {"action_flag": 1, "action_time": "2010-02-11 17:54:34", "object_repr": "bonerton", "object_id": "6", "change_message": "", "user": 1, "content_type": 4}}, {"pk": 50, "model": "admin.logentry", "fields": {"action_flag": 2, "action_time": "2010-02-11 17:53:58", "object_repr": "joshkenyon", "object_id": "5", "change_message": "Changed first_name, last_name, email, is_staff and is_superuser.", "user": 1, "content_type": 4}}, {"pk": 49, "model": "admin.logentry", "fields": {"action_flag": 1, "action_time": "2010-02-11 17:53:38", "object_repr": "joshkenyon", "object_id": "5", "change_message": "", "user": 1, "content_type": 4}}, {"pk": 48, "model": "admin.logentry", "fields": {"action_flag": 1, "action_time": "2010-02-11 17:51:22", "object_repr": "8 oz. Drip", "object_id": "21", "change_message": "", "user": 4, "content_type": 16}}, {"pk": 47, "model": "admin.logentry", "fields": {"action_flag": 1, "action_time": "2010-02-11 17:50:51", "object_repr": "Brazil Chapadao de Ferro", "object_id": "7", "change_message": "", "user": 4, "content_type": 10}}, {"pk": 46, "model": "admin.logentry", "fields": {"action_flag": 2, "action_time": "2010-02-11 17:47:14", "object_repr": "coffeelog.chrisforrette.com", "object_id": "1", "change_message": "Changed domain and name.", "user": 1, "content_type": 8}}, {"pk": 45, "model": "admin.logentry", "fields": {"action_flag": 2, "action_time": "2010-02-11 17:45:55", "object_repr": "colbynichols", "object_id": "4", "change_message": "Changed first_name, last_name, email, is_staff and is_superuser.", "user": 1, "content_type": 4}}, {"pk": 44, "model": "admin.logentry", "fields": {"action_flag": 1, "action_time": "2010-02-11 17:45:33", "object_repr": "colbynichols", "object_id": "4", "change_message": "", "user": 1, "content_type": 4}}, {"pk": 43, "model": "admin.logentry", "fields": {"action_flag": 2, "action_time": "2010-02-11 17:39:57", "object_repr": "8 oz. Cappuccino at Stumptown Coffee Roasters - Downtown", "object_id": "5", "change_message": "Changed user.", "user": 1, "content_type": 16}}, {"pk": 42, "model": "admin.logentry", "fields": {"action_flag": 2, "action_time": "2010-02-11 17:39:53", "object_repr": "12 oz. Latte at Stumptown Coffee Roasters - Downtown", "object_id": "4", "change_message": "Changed user.", "user": 1, "content_type": 16}}, {"pk": 41, "model": "admin.logentry", "fields": {"action_flag": 2, "action_time": "2010-02-11 17:39:48", "object_repr": "8 oz. Cappuccino at Spella Caffe - 5th Street", "object_id": "7", "change_message": "Changed user.", "user": 1, "content_type": 16}}, {"pk": 40, "model": "admin.logentry", "fields": {"action_flag": 2, "action_time": "2010-02-11 17:39:43", "object_repr": "8 oz. Cappuccino at Stumptown Coffee Roasters - Downtown", "object_id": "8", "change_message": "Changed user.", "user": 1, "content_type": 16}}, {"pk": 39, "model": "admin.logentry", "fields": {"action_flag": 2, "action_time": "2010-02-11 17:39:37", "object_repr": "8 oz. Cappuccino at Heart", "object_id": "9", "change_message": "Changed user.", "user": 1, "content_type": 16}}, {"pk": 38, "model": "admin.logentry", "fields": {"action_flag": 2, "action_time": "2010-02-11 17:38:25", "object_repr": "8 oz. Cappuccino at Stumptown Coffee Roasters - Downtown", "object_id": "20", "change_message": "Changed is_homemade.", "user": 1, "content_type": 16}}, {"pk": 37, "model": "admin.logentry", "fields": {"action_flag": 1, "action_time": "2010-02-11 15:51:18", "object_repr": "8 oz. Cappuccino at Stumptown Coffee Roasters - Downtown", "object_id": "20", "change_message": "", "user": 1, "content_type": 14}}, {"pk": 36, "model": "admin.logentry", "fields": {"action_flag": 1, "action_time": "2010-02-11 10:42:28", "object_repr": "12 oz. Latte", "object_id": "19", "change_message": "", "user": 1, "content_type": 14}}, {"pk": 35, "model": "admin.logentry", "fields": {"action_flag": 1, "action_time": "2010-02-10 18:04:34", "object_repr": "8 oz. Cappuccino at Spella Caffe - 5th Street", "object_id": "18", "change_message": "", "user": 1, "content_type": 14}}, {"pk": 34, "model": "admin.logentry", "fields": {"action_flag": 1, "action_time": "2010-02-10 12:21:19", "object_repr": "8 oz. Cappuccino at Stumptown Coffee Roasters - Downtown", "object_id": "17", "change_message": "", "user": 1, "content_type": 14}}, {"pk": 33, "model": "admin.logentry", "fields": {"action_flag": 1, "action_time": "2010-02-10 12:07:38", "object_repr": "12 oz. Latte", "object_id": "16", "change_message": "", "user": 1, "content_type": 14}}, {"pk": 32, "model": "admin.logentry", "fields": {"action_flag": 1, "action_time": "2010-02-09 18:29:38", "object_repr": "12 oz. Drip", "object_id": "15", "change_message": "", "user": 1, "content_type": 14}}, {"pk": 31, "model": "admin.logentry", "fields": {"action_flag": 3, "action_time": "2010-02-09 18:14:31", "object_repr": "Frappuccino", "object_id": "14", "change_message": "", "user": 1, "content_type": 11}}, {"pk": 30, "model": "admin.logentry", "fields": {"action_flag": 1, "action_time": "2010-02-09 18:13:24", "object_repr": "Frappuccino", "object_id": "14", "change_message": "", "user": 1, "content_type": 11}}, {"pk": 29, "model": "admin.logentry", "fields": {"action_flag": 1, "action_time": "2010-02-09 18:13:11", "object_repr": "Iced Coffee", "object_id": "13", "change_message": "", "user": 1, "content_type": 11}}, {"pk": 28, "model": "admin.logentry", "fields": {"action_flag": 1, "action_time": "2010-02-09 18:12:55", "object_repr": "Cortado", "object_id": "12", "change_message": "", "user": 1, "content_type": 11}}, {"pk": 27, "model": "admin.logentry", "fields": {"action_flag": 1, "action_time": "2010-02-09 18:12:39", "object_repr": "Caf\u00e9 m\u00e9lange", "object_id": "11", "change_message": "", "user": 1, "content_type": 11}}, {"pk": 26, "model": "admin.logentry", "fields": {"action_flag": 1, "action_time": "2010-02-09 18:12:15", "object_repr": "Caf\u00e9 Bombon", "object_id": "10", "change_message": "", "user": 1, "content_type": 11}}, {"pk": 25, "model": "admin.logentry", "fields": {"action_flag": 1, "action_time": "2010-02-09 18:11:51", "object_repr": "Caf\u00e9 au lait", "object_id": "9", "change_message": "", "user": 1, "content_type": 11}}, {"pk": 24, "model": "admin.logentry", "fields": {"action_flag": 1, "action_time": "2010-02-09 18:11:26", "object_repr": "Mocha", "object_id": "8", "change_message": "", "user": 1, "content_type": 11}}, {"pk": 23, "model": "admin.logentry", "fields": {"action_flag": 1, "action_time": "2010-02-09 18:11:08", "object_repr": "Americano", "object_id": "7", "change_message": "", "user": 1, "content_type": 11}}, {"pk": 22, "model": "admin.logentry", "fields": {"action_flag": 1, "action_time": "2010-02-09 18:10:40", "object_repr": "Affogato", "object_id": "6", "change_message": "", "user": 1, "content_type": 11}}, {"pk": 21, "model": "admin.logentry", "fields": {"action_flag": 1, "action_time": "2010-02-09 18:06:38", "object_repr": "Peru", "object_id": "6", "change_message": "", "user": 1, "content_type": 10}}, {"pk": 20, "model": "admin.logentry", "fields": {"action_flag": 1, "action_time": "2010-02-09 11:13:14", "object_repr": "12 oz. Latte at Stumptown Coffee Roasters - Downtown", "object_id": "14", "change_message": "", "user": 1, "content_type": 14}}, {"pk": 19, "model": "admin.logentry", "fields": {"action_flag": 1, "action_time": "2010-02-08 18:04:34", "object_repr": "8 oz. Cappuccino at Spella Caffe - 5th Street", "object_id": "13", "change_message": "", "user": 1, "content_type": 14}}, {"pk": 18, "model": "admin.logentry", "fields": {"action_flag": 2, "action_time": "2010-02-08 16:17:11", "object_repr": "Barista", "object_id": "5", "change_message": "Changed coffee_place_categories.", "user": 1, "content_type": 13}}, {"pk": 17, "model": "admin.logentry", "fields": {"action_flag": 1, "action_time": "2010-02-08 16:15:15", "object_repr": "Coffee Shop", "object_id": "1", "change_message": "", "user": 1, "content_type": 15}}, {"pk": 16, "model": "admin.logentry", "fields": {"action_flag": 2, "action_time": "2010-02-08 16:13:22", "object_repr": "12 oz. Latte at Spella Caffe - 5th Street", "object_id": "6", "change_message": "Changed user and coffee_bean.", "user": 1, "content_type": 14}}, {"pk": 15, "model": "admin.logentry", "fields": {"action_flag": 2, "action_time": "2010-02-08 16:12:43", "object_repr": "12 oz. Latte", "object_id": "10", "change_message": "Changed user, coffee_place and is_homemade.", "user": 1, "content_type": 14}}, {"pk": 14, "model": "admin.logentry", "fields": {"action_flag": 2, "action_time": "2010-02-08 16:12:32", "object_repr": "12 oz. French Press", "object_id": "11", "change_message": "Changed user, coffee_place and is_homemade.", "user": 1, "content_type": 14}}, {"pk": 13, "model": "admin.logentry", "fields": {"action_flag": 2, "action_time": "2010-02-08 16:12:12", "object_repr": "12 oz. Latte", "object_id": "12", "change_message": "Changed user, coffee_place and is_homemade.", "user": 1, "content_type": 14}}, {"pk": 12, "model": "admin.logentry", "fields": {"action_flag": 1, "action_time": "2010-02-08 10:49:03", "object_repr": "12 oz. Latte at Home", "object_id": "12", "change_message": "", "user": 1, "content_type": 14}}, {"pk": 11, "model": "admin.logentry", "fields": {"action_flag": 1, "action_time": "2010-02-07 12:36:39", "object_repr": "12 oz. French Press at Home", "object_id": "11", "change_message": "", "user": 1, "content_type": 14}}, {"pk": 10, "model": "admin.logentry", "fields": {"action_flag": 1, "action_time": "2010-02-07 12:35:35", "object_repr": "Ethiopia Amaro Gayo", "object_id": "5", "change_message": "", "user": 1, "content_type": 10}}, {"pk": 9, "model": "admin.logentry", "fields": {"action_flag": 1, "action_time": "2010-02-06 15:30:04", "object_repr": "12 oz. Latte at Home", "object_id": "10", "change_message": "", "user": 1, "content_type": 14}}, {"pk": 8, "model": "admin.logentry", "fields": {"action_flag": 1, "action_time": "2010-02-06 15:29:06", "object_repr": "Home", "object_id": "4", "change_message": "", "user": 1, "content_type": 13}}, {"pk": 7, "model": "admin.logentry", "fields": {"action_flag": 1, "action_time": "2010-02-06 15:28:28", "object_repr": "Guatemala Finca Santa Isabel", "object_id": "4", "change_message": "", "user": 1, "content_type": 10}}, {"pk": 6, "model": "admin.logentry", "fields": {"action_flag": 1, "action_time": "2010-02-06 15:25:53", "object_repr": "Olympia Coffee Roasting Co.", "object_id": "5", "change_message": "", "user": 1, "content_type": 9}}, {"pk": 5, "model": "admin.logentry", "fields": {"action_flag": 1, "action_time": "2010-02-05 18:14:54", "object_repr": "8 oz. Cappuccino at Heart", "object_id": "9", "change_message": "", "user": 1, "content_type": 14}}, {"pk": 4, "model": "admin.logentry", "fields": {"action_flag": 1, "action_time": "2010-02-05 18:11:55", "object_repr": "Blend of Guatemala Villaure and Ethiopia Yirgacheffe", "object_id": "3", "change_message": "", "user": 1, "content_type": 10}}, {"pk": 3, "model": "admin.logentry", "fields": {"action_flag": 1, "action_time": "2010-02-05 18:10:56", "object_repr": "Heart", "object_id": "3", "change_message": "", "user": 1, "content_type": 13}}, {"pk": 2, "model": "admin.logentry", "fields": {"action_flag": 1, "action_time": "2010-02-05 18:10:22", "object_repr": "Heart Roasters", "object_id": "4", "change_message": "", "user": 1, "content_type": 9}}, {"pk": 1, "model": "admin.logentry", "fields": {"action_flag": 1, "action_time": "2010-02-05 12:06:35", "object_repr": "8 oz. Cappuccino at Stumptown Coffee Roasters - Downtown", "object_id": "8", "change_message": "", "user": 1, "content_type": 14}}, {"pk": 1, "model": "auth.permission", "fields": {"codename": "add_logentry", "name": "Can add log entry", "content_type": 1}}, {"pk": 2, "model": "auth.permission", "fields": {"codename": "change_logentry", "name": "Can change log entry", "content_type": 1}}, {"pk": 3, "model": "auth.permission", "fields": {"codename": "delete_logentry", "name": "Can delete log entry", "content_type": 1}}, {"pk": 7, "model": "auth.permission", "fields": {"codename": "add_group", "name": "Can add group", "content_type": 3}}, {"pk": 13, "model": "auth.permission", "fields": {"codename": "add_message", "name": "Can add message", "content_type": 5}}, {"pk": 4, "model": "auth.permission", "fields": {"codename": "add_permission", "name": "Can add permission", "content_type": 2}}, {"pk": 10, "model": "auth.permission", "fields": {"codename": "add_user", "name": "Can add user", "content_type": 4}}, {"pk": 8, "model": "auth.permission", "fields": {"codename": "change_group", "name": "Can change group", "content_type": 3}}, {"pk": 14, "model": "auth.permission", "fields": {"codename": "change_message", "name": "Can change message", "content_type": 5}}, {"pk": 5, "model": "auth.permission", "fields": {"codename": "change_permission", "name": "Can change permission", "content_type": 2}}, {"pk": 11, "model": "auth.permission", "fields": {"codename": "change_user", "name": "Can change user", "content_type": 4}}, {"pk": 9, "model": "auth.permission", "fields": {"codename": "delete_group", "name": "Can delete group", "content_type": 3}}, {"pk": 15, "model": "auth.permission", "fields": {"codename": "delete_message", "name": "Can delete message", "content_type": 5}}, {"pk": 6, "model": "auth.permission", "fields": {"codename": "delete_permission", "name": "Can delete permission", "content_type": 2}}, {"pk": 12, "model": "auth.permission", "fields": {"codename": "delete_user", "name": "Can delete user", "content_type": 4}}, {"pk": 28, "model": "auth.permission", "fields": {"codename": "add_coffeebean", "name": "Can add coffee bean", "content_type": 10}}, {"pk": 31, "model": "auth.permission", "fields": {"codename": "add_coffeedrink", "name": "Can add coffee drink", "content_type": 11}}, {"pk": 34, "model": "auth.permission", "fields": {"codename": "add_coffeedrinksize", "name": "Can add coffee drink size", "content_type": 12}}, {"pk": 40, "model": "auth.permission", "fields": {"codename": "add_coffeelog", "name": "Can add coffee log", "content_type": 14}}, {"pk": 58, "model": "auth.permission", "fields": {"codename": "add_coffeelog", "name": "Can add coffee log", "content_type": 16}}, {"pk": 37, "model": "auth.permission", "fields": {"codename": "add_coffeeplace", "name": "Can add coffee place", "content_type": 13}}, {"pk": 52, "model": "auth.permission", "fields": {"codename": "add_coffeeplace", "name": "Can add coffee place", "content_type": 14}}, {"pk": 49, "model": "auth.permission", "fields": {"codename": "add_coffeeplacecategory", "name": "Can add coffee place category", "content_type": 13}}, {"pk": 43, "model": "auth.permission", "fields": {"codename": "add_coffeeplacecategory", "name": "Can add coffee place category", "content_type": 15}}, {"pk": 55, "model": "auth.permission", "fields": {"codename": "add_coffeeplacegeopoint", "name": "Can add coffee place geo point", "content_type": 15}}, {"pk": 46, "model": "auth.permission", "fields": {"codename": "add_coffeeplacegeopoint", "name": "Can add coffee place geo point", "content_type": 16}}, {"pk": 25, "model": "auth.permission", "fields": {"codename": "add_coffeeroaster", "name": "Can add coffee roaster", "content_type": 9}}, {"pk": 29, "model": "auth.permission", "fields": {"codename": "change_coffeebean", "name": "Can change coffee bean", "content_type": 10}}, {"pk": 32, "model": "auth.permission", "fields": {"codename": "change_coffeedrink", "name": "Can change coffee drink", "content_type": 11}}, {"pk": 35, "model": "auth.permission", "fields": {"codename": "change_coffeedrinksize", "name": "Can change coffee drink size", "content_type": 12}}, {"pk": 41, "model": "auth.permission", "fields": {"codename": "change_coffeelog", "name": "Can change coffee log", "content_type": 14}}, {"pk": 59, "model": "auth.permission", "fields": {"codename": "change_coffeelog", "name": "Can change coffee log", "content_type": 16}}, {"pk": 38, "model": "auth.permission", "fields": {"codename": "change_coffeeplace", "name": "Can change coffee place", "content_type": 13}}, {"pk": 53, "model": "auth.permission", "fields": {"codename": "change_coffeeplace", "name": "Can change coffee place", "content_type": 14}}, {"pk": 50, "model": "auth.permission", "fields": {"codename": "change_coffeeplacecategory", "name": "Can change coffee place category", "content_type": 13}}, {"pk": 44, "model": "auth.permission", "fields": {"codename": "change_coffeeplacecategory", "name": "Can change coffee place category", "content_type": 15}}, {"pk": 56, "model": "auth.permission", "fields": {"codename": "change_coffeeplacegeopoint", "name": "Can change coffee place geo point", "content_type": 15}}, {"pk": 47, "model": "auth.permission", "fields": {"codename": "change_coffeeplacegeopoint", "name": "Can change coffee place geo point", "content_type": 16}}, {"pk": 26, "model": "auth.permission", "fields": {"codename": "change_coffeeroaster", "name": "Can change coffee roaster", "content_type": 9}}, {"pk": 30, "model": "auth.permission", "fields": {"codename": "delete_coffeebean", "name": "Can delete coffee bean", "content_type": 10}}, {"pk": 33, "model": "auth.permission", "fields": {"codename": "delete_coffeedrink", "name": "Can delete coffee drink", "content_type": 11}}, {"pk": 36, "model": "auth.permission", "fields": {"codename": "delete_coffeedrinksize", "name": "Can delete coffee drink size", "content_type": 12}}, {"pk": 42, "model": "auth.permission", "fields": {"codename": "delete_coffeelog", "name": "Can delete coffee log", "content_type": 14}}, {"pk": 60, "model": "auth.permission", "fields": {"codename": "delete_coffeelog", "name": "Can delete coffee log", "content_type": 16}}, {"pk": 39, "model": "auth.permission", "fields": {"codename": "delete_coffeeplace", "name": "Can delete coffee place", "content_type": 13}}, {"pk": 54, "model": "auth.permission", "fields": {"codename": "delete_coffeeplace", "name": "Can delete coffee place", "content_type": 14}}, {"pk": 51, "model": "auth.permission", "fields": {"codename": "delete_coffeeplacecategory", "name": "Can delete coffee place category", "content_type": 13}}, {"pk": 45, "model": "auth.permission", "fields": {"codename": "delete_coffeeplacecategory", "name": "Can delete coffee place category", "content_type": 15}}, {"pk": 57, "model": "auth.permission", "fields": {"codename": "delete_coffeeplacegeopoint", "name": "Can delete coffee place geo point", "content_type": 15}}, {"pk": 48, "model": "auth.permission", "fields": {"codename": "delete_coffeeplacegeopoint", "name": "Can delete coffee place geo point", "content_type": 16}}, {"pk": 27, "model": "auth.permission", "fields": {"codename": "delete_coffeeroaster", "name": "Can delete coffee roaster", "content_type": 9}}, {"pk": 16, "model": "auth.permission", "fields": {"codename": "add_contenttype", "name": "Can add content type", "content_type": 6}}, {"pk": 17, "model": "auth.permission", "fields": {"codename": "change_contenttype", "name": "Can change content type", "content_type": 6}}, {"pk": 18, "model": "auth.permission", "fields": {"codename": "delete_contenttype", "name": "Can delete content type", "content_type": 6}}, {"pk": 19, "model": "auth.permission", "fields": {"codename": "add_session", "name": "Can add session", "content_type": 7}}, {"pk": 20, "model": "auth.permission", "fields": {"codename": "change_session", "name": "Can change session", "content_type": 7}}, {"pk": 21, "model": "auth.permission", "fields": {"codename": "delete_session", "name": "Can delete session", "content_type": 7}}, {"pk": 22, "model": "auth.permission", "fields": {"codename": "add_site", "name": "Can add site", "content_type": 8}}, {"pk": 23, "model": "auth.permission", "fields": {"codename": "change_site", "name": "Can change site", "content_type": 8}}, {"pk": 24, "model": "auth.permission", "fields": {"codename": "delete_site", "name": "Can delete site", "content_type": 8}}, {"pk": 64, "model": "auth.permission", "fields": {"codename": "add_migrationhistory", "name": "Can add migration history", "content_type": 18}}, {"pk": 65, "model": "auth.permission", "fields": {"codename": "change_migrationhistory", "name": "Can change migration history", "content_type": 18}}, {"pk": 66, "model": "auth.permission", "fields": {"codename": "delete_migrationhistory", "name": "Can delete migration history", "content_type": 18}}, {"pk": 61, "model": "auth.permission", "fields": {"codename": "add_userprofile", "name": "Can add user profile", "content_type": 17}}, {"pk": 62, "model": "auth.permission", "fields": {"codename": "change_userprofile", "name": "Can change user profile", "content_type": 17}}, {"pk": 63, "model": "auth.permission", "fields": {"codename": "delete_userprofile", "name": "Can delete user profile", "content_type": 17}}, {"pk": 1, "model": "auth.user", "fields": {"username": "chris", "first_name": "Chris", "last_name": "Forrette", "is_active": 1, "is_superuser": 1, "is_staff": 1, "last_login": "2010-02-11 17:44:05", "groups": [], "user_permissions": [], "password": "sha1$c0061$c2f73023225753844b5131562917daa003745f61", "email": "chris@chrisforrette.com", "date_joined": "2010-02-05 01:31:52"}}, {"pk": 8, "model": "auth.user", "fields": {"username": "sarah", "first_name": "", "last_name": "", "is_active": 1, "is_superuser": 0, "is_staff": 0, "last_login": "2010-02-21 15:41:10", "groups": [], "user_permissions": [], "password": "sha1$ae499$aa8c82c318bd97aefa3e0450ee03238b5e519497", "email": "socheif@gmail.com", "date_joined": "2010-02-20 19:30:42"}}, {"pk": 4, "model": "auth.user", "fields": {"username": "colbynichols", "first_name": "Colby", "last_name": "Nichols", "is_active": 1, "is_superuser": 1, "is_staff": 1, "last_login": "2010-02-11 17:47:28", "groups": [], "user_permissions": [], "password": "sha1$e1dd0$75dbd592d1d126a3f1df3a8ff720e730ced56f57", "email": "colby@colbynichols.com", "date_joined": "2010-02-11 17:45:33"}}, {"pk": 5, "model": "auth.user", "fields": {"username": "joshkenyon", "first_name": "Josh", "last_name": "Kenyon", "is_active": 1, "is_superuser": 1, "is_staff": 1, "last_login": "2010-02-20 19:44:42", "groups": [], "user_permissions": [], "password": "sha1$4f3b7$72bee77884089b1ff63c616779c055105b7d45ca", "email": "josh@enyocreative.com", "date_joined": "2010-02-11 17:53:38"}}, {"pk": 6, "model": "auth.user", "fields": {"username": "bonerton", "first_name": "Dane", "last_name": "Overton", "is_active": 1, "is_superuser": 1, "is_staff": 1, "last_login": "2010-02-11 17:55:29", "groups": [], "user_permissions": [], "password": "sha1$37e4f$0b6fe06304075b28b13b08fa581533bb65c1ceb5", "email": "dane@cubancouncil.com", "date_joined": "2010-02-11 17:54:34"}}, {"pk": 7, "model": "auth.user", "fields": {"username": "mbuzzard", "first_name": "Mike", "last_name": "Buzzard", "is_active": 1, "is_superuser": 1, "is_staff": 0, "last_login": "2010-02-12 19:00:40", "groups": [], "user_permissions": [], "password": "sha1$404f5$a848ba204d12c8a1035895ec8071a7f2aa72d725", "email": "mbuzzard@gmail.com", "date_joined": "2010-02-12 19:00:17"}}, {"pk": "6ca2c34bc1281310f6045e1dc9612a91", "model": "sessions.session", "fields": {"expire_date": "2010-02-25 18:19:16", "session_data": "gAJ9cQEoVRJfYXV0aF91c2VyX2JhY2tlbmRxAlUpZGphbmdvLmNvbnRyaWIuYXV0aC5iYWNrZW5k\ncy5Nb2RlbEJhY2tlbmRxA1UNX2F1dGhfdXNlcl9pZHEEigEFdS45OWU1M2Y0M2U3MWQyN2FmYWJi\nZmUyMjJkODQzZTI5Ng==\n"}}, {"pk": "8bcebdc21baaf071eb22edf33669ae92", "model": "sessions.session", "fields": {"expire_date": "2010-02-25 17:47:28", "session_data": "gAJ9cQEoVRJfYXV0aF91c2VyX2JhY2tlbmRxAlUpZGphbmdvLmNvbnRyaWIuYXV0aC5iYWNrZW5k\ncy5Nb2RlbEJhY2tlbmRxA1UNX2F1dGhfdXNlcl9pZHEEigEEdS43ZDdjOTVmODc1OTVkZDcxY2Jh\nOWMzMGQyYWU5MGM0OQ==\n"}}, {"pk": "e68eb5fa5e5848b53f0fdfc661ccc1db", "model": "sessions.session", "fields": {"expire_date": "2010-02-25 17:59:48", "session_data": "gAJ9cQEoVQp0ZXN0Y29va2llcQJVBndvcmtlZHEDVQ1fYXV0aF91c2VyX2lkcQSKAQFVEl9hdXRo\nX3VzZXJfYmFja2VuZHEFVSlkamFuZ28uY29udHJpYi5hdXRoLmJhY2tlbmRzLk1vZGVsQmFja2Vu\nZHEGdS5kNzM3NmFiMzFhMjRiZThjMTA3ZjE0MDRiY2MxNDcyYw==\n"}}, {"pk": "74d00218811b359afe2593fbe740d4d2", "model": "sessions.session", "fields": {"expire_date": "2010-02-25 18:05:11", "session_data": "gAJ9cQEuNWIwMGViMjY3OGNiYTRjMGEwNTg3OGI1ODcxOGM0NmU=\n"}}, {"pk": "116ad2a460d4dd2ddce153077d004e73", "model": "sessions.session", "fields": {"expire_date": "2010-02-25 18:30:58", "session_data": "gAJ9cQEoVRJfYXV0aF91c2VyX2JhY2tlbmRxAlUpZGphbmdvLmNvbnRyaWIuYXV0aC5iYWNrZW5k\ncy5Nb2RlbEJhY2tlbmRxA1UNX2F1dGhfdXNlcl9pZHEEigEFdS45OWU1M2Y0M2U3MWQyN2FmYWJi\nZmUyMjJkODQzZTI5Ng==\n"}}, {"pk": "2c23a2c42af707193b64ac085ecd9c15", "model": "sessions.session", "fields": {"expire_date": "2010-03-07 15:42:39", "session_data": "gAJ9cQEoVQp0ZXN0Y29va2llcQJVBndvcmtlZHEDVQ1fYXV0aF91c2VyX2lkcQSKAQhVEl9hdXRo\nX3VzZXJfYmFja2VuZHEFVSlkamFuZ28uY29udHJpYi5hdXRoLmJhY2tlbmRzLk1vZGVsQmFja2Vu\nZHEGdS5hOGJjOWJhN2E5MWExZGIwODYyYmIzN2Y3YjllMWQ1Ng==\n"}}, {"pk": "e272db3ccd47e08e5bc49f3304c60058", "model": "sessions.session", "fields": {"expire_date": "2010-02-26 19:00:40", "session_data": "gAJ9cQEoVRJfYXV0aF91c2VyX2JhY2tlbmRxAlUpZGphbmdvLmNvbnRyaWIuYXV0aC5iYWNrZW5k\ncy5Nb2RlbEJhY2tlbmRxA1UNX2F1dGhfdXNlcl9pZHEEigEHdS4yNTg3ODM3MmYwZTA1YThkZjE1\nMDQ1MzA1ODAwODhkZg==\n"}}, {"pk": "514a281f4134f07c5024a0e9d06dfe85", "model": "sessions.session", "fields": {"expire_date": "2010-02-28 19:06:04", "session_data": "gAJ9cQEoVRJfYXV0aF91c2VyX2JhY2tlbmRxAlUpZGphbmdvLmNvbnRyaWIuYXV0aC5iYWNrZW5k\ncy5Nb2RlbEJhY2tlbmRxA1UNX2F1dGhfdXNlcl9pZHEEigEFdS45OWU1M2Y0M2U3MWQyN2FmYWJi\nZmUyMjJkODQzZTI5Ng==\n"}}, {"pk": "3f4c487101e3715019e4cf80bc707482", "model": "sessions.session", "fields": {"expire_date": "2010-03-06 19:44:42", "session_data": "gAJ9cQEoVRJfYXV0aF91c2VyX2JhY2tlbmRxAlUpZGphbmdvLmNvbnRyaWIuYXV0aC5iYWNrZW5k\ncy5Nb2RlbEJhY2tlbmRxA1UNX2F1dGhfdXNlcl9pZHEEigEFdS45OWU1M2Y0M2U3MWQyN2FmYWJi\nZmUyMjJkODQzZTI5Ng==\n"}}, {"pk": 1, "model": "sites.site", "fields": {"domain": "coffeelog.chrisforrette.com", "name": "coffeelog.chrisforrette.com"}}, {"pk": 7, "model": "coffee.coffeeroaster", "fields": {"status": 2, "name": "Barefoot Coffee Roasters", "created": "2010-02-12 18:32:49", "url": "http://barefootcoffee.com/", "modified": "2010-02-12 18:32:49", "slug": "barefoot-coffee-roasters"}}, {"pk": 2, "model": "coffee.coffeeroaster", "fields": {"status": 2, "name": "Courier Coffee", "created": "2010-02-04 15:07:48", "url": "http://www.couriercoffeeroasters.com/", "modified": "2010-02-04 15:07:48", "slug": "courier-coffee"}}, {"pk": 4, "model": "coffee.coffeeroaster", "fields": {"status": 2, "name": "Heart Roasters", "created": "2010-02-05 18:10:22", "url": "http://heartroasters.com/", "modified": "2010-02-05 18:10:22", "slug": "heart-roasters"}}, {"pk": 9, "model": "coffee.coffeeroaster", "fields": {"status": 2, "name": "Mudd Works Roaster", "created": "2010-02-18 15:58:21", "url": "http://www.muddworks.com/", "modified": "2010-02-18 15:58:21", "slug": "mudd-works-roaster"}}, {"pk": 5, "model": "coffee.coffeeroaster", "fields": {"status": 2, "name": "Olympia Coffee Roasting Co.", "created": "2010-02-06 15:25:53", "url": "http://www.olycoffee.com/", "modified": "2010-02-06 15:25:53", "slug": "olympia-coffee-roasting-co"}}, {"pk": 10, "model": "coffee.coffeeroaster", "fields": {"status": 2, "name": "Peet's Coffee & Tea", "created": "2010-02-19 18:33:09", "url": "http://www.peets.com/", "modified": "2010-02-19 18:33:09", "slug": "peets-coffee-and-tea"}}, {"pk": 3, "model": "coffee.coffeeroaster", "fields": {"status": 2, "name": "Spella Caffe", "created": "2010-02-04 15:28:50", "url": "http://spellacaffe.com/", "modified": "2010-02-04 15:28:50", "slug": "spella-caffe"}}, {"pk": 8, "model": "coffee.coffeeroaster", "fields": {"status": 2, "name": "Sterling Coffee Roasters", "created": "2010-02-14 19:07:12", "url": "http://www.sterlingcoffeeroasters.com/", "modified": "2010-02-14 19:20:37", "slug": "sterling-coffee-roasters"}}, {"pk": 1, "model": "coffee.coffeeroaster", "fields": {"status": 2, "name": "Stumptown Coffee Roasters", "created": "2010-02-04 15:07:20", "url": "http://stumptowncoffee.com/", "modified": "2010-02-04 15:08:00", "slug": "stumptown-coffee-roasters"}}, {"pk": 6, "model": "coffee.coffeeroaster", "fields": {"status": 2, "name": "Verve", "created": "2010-02-12 18:16:49", "url": "http://vervecoffeeroasters.myshopify.com/", "modified": "2010-02-12 18:20:39", "slug": "verve"}}, {"pk": 3, "model": "coffee.coffeebean", "fields": {"status": 2, "roaster": 4, "name": "Blend of Guatemala Villaure and Ethiopia Yirgacheffe", "created": "2010-02-05 18:11:55", "modified": "2010-02-05 18:11:55", "type": "Espresso", "slug": "blend-guatemala-villaure-and-ethiopia-yirgacheffe"}}, {"pk": 18, "model": "coffee.coffeebean", "fields": {"status": 2, "roaster": 8, "name": "Brazil and Costa Rica", "created": "2010-02-20 19:46:38", "modified": "2010-02-20 19:46:38", "type": "espresso and french press", "slug": "brazil-and-costa-rica"}}, {"pk": 7, "model": "coffee.coffeebean", "fields": {"status": 2, "roaster": 4, "name": "Brazil Chapadao de Ferro", "created": "2010-02-11 17:50:51", "modified": "2010-02-11 17:50:51", "type": "Brazil", "slug": "brazil-chapadao-de-ferro"}}, {"pk": 13, "model": "coffee.coffeebean", "fields": {"status": 2, "roaster": 1, "name": "Columbia La Esperanza", "created": "2010-02-16 11:47:08", "modified": "2010-02-16 11:47:08", "type": "coffee bean", "slug": "columbia-la-esperanza"}}, {"pk": 10, "model": "coffee.coffeebean", "fields": {"status": 1, "roaster": 1, "name": "Columbian El Jordan", "created": "2010-02-13 12:41:33", "modified": "2010-02-13 12:41:33", "type": "Bean", "slug": "columbian-el-jordan"}}, {"pk": 11, "model": "coffee.coffeebean", "fields": {"status": 2, "roaster": 8, "name": "El Salvador", "created": "2010-02-14 19:07:44", "modified": "2010-02-14 19:07:44", "type": "espresso", "slug": "el-salvador"}}, {"pk": 5, "model": "coffee.coffeebean", "fields": {"status": 2, "roaster": 5, "name": "Ethiopia Amaro Gayo", "created": "2010-02-07 12:35:35", "modified": "2010-02-07 12:35:35", "type": "Ethiopia", "slug": "ethiopia-amaro-gayo"}}, {"pk": 17, "model": "coffee.coffeebean", "fields": {"status": 2, "roaster": 2, "name": "Ethiopia Sidamo", "created": "2010-02-20 16:44:44", "modified": "2010-02-20 16:44:44", "type": "Espresso", "slug": "ethiopia-sidamo"}}, {"pk": 4, "model": "coffee.coffeebean", "fields": {"status": 2, "roaster": 5, "name": "Guatemala Finca Santa Isabel", "created": "2010-02-06 15:28:28", "modified": "2010-02-06 15:28:28", "type": "Espresso", "slug": "guatemala-finca-santa-isabel"}}, {"pk": 8, "model": "coffee.coffeebean", "fields": {"status": 2, "roaster": 6, "name": "Haile, Ethipoia Sidamo", "created": "2010-02-12 18:16:52", "modified": "2010-02-12 18:21:19", "type": "Espresso", "slug": "haile-ethiopia-sidamo-verve"}}, {"pk": 1, "model": "coffee.coffeebean", "fields": {"status": 2, "roaster": 1, "name": "Hair Bender", "created": "2010-02-04 15:12:59", "modified": "2010-02-04 15:12:59", "type": "Espresso", "slug": "hair-bender"}}, {"pk": 9, "model": "coffee.coffeebean", "fields": {"status": 2, "roaster": 7, "name": "Honey Michicoy, Guatemala", "created": "2010-02-12 18:35:45", "modified": "2010-02-12 18:35:45", "type": "Crazy fruit bomb of honey & maple syrup with bing cherries, blackberries and apple.", "slug": "honey-michicoy-guatemala"}}, {"pk": 16, "model": "coffee.coffeebean", "fields": {"status": 2, "roaster": 10, "name": "Major Dickason's Blend", "created": "2010-02-19 18:34:26", "modified": "2010-02-19 18:34:26", "type": "Straight Bean", "slug": "major-dickasons-blend"}}, {"pk": 6, "model": "coffee.coffeebean", "fields": {"status": 2, "roaster": 2, "name": "Peru", "created": "2010-02-09 18:06:37", "modified": "2010-02-09 18:06:37", "type": "Peru Rodriguez de Mendoza, organically grown", "slug": "peru"}}, {"pk": 2, "model": "coffee.coffeebean", "fields": {"status": 2, "roaster": 3, "name": "Spella Espresso", "created": "2010-02-04 16:32:13", "modified": "2010-02-04 16:32:13", "type": "Espresso", "slug": "spella-espresso"}}, {"pk": 14, "model": "coffee.coffeebean", "fields": {"status": 2, "roaster": 3, "name": "Spella Espresso + Spella Bean", "created": "2010-02-18 12:22:34", "modified": "2010-02-18 12:22:34", "type": "Combo", "slug": "spella-espresso-spella-bean"}}, {"pk": 12, "model": "coffee.coffeebean", "fields": {"status": 1, "roaster": 1, "name": "Stumptown Espresso", "created": "2010-02-15 12:26:37", "modified": "2010-02-15 12:26:37", "type": "Espresso", "slug": "stumptown-espresso"}}, {"pk": 15, "model": "coffee.coffeebean", "fields": {"status": 2, "roaster": 9, "name": "Sumatra Mandheling", "created": "2010-02-18 15:59:41", "modified": "2010-02-18 15:59:41", "type": "earthy & full bodied", "slug": "sumatra-mandheling"}}, {"pk": 6, "model": "coffee.coffeedrink", "fields": {"status": 2, "created": "2010-02-09 18:10:40", "name": "Affogato", "modified": "2010-02-09 18:10:40", "slug": "affogato"}}, {"pk": 7, "model": "coffee.coffeedrink", "fields": {"status": 2, "created": "2010-02-09 18:11:08", "name": "Americano", "modified": "2010-02-09 18:11:08", "slug": "americano"}}, {"pk": 9, "model": "coffee.coffeedrink", "fields": {"status": 1, "created": "2010-02-09 18:11:51", "name": "Caf\u00e9 au lait", "modified": "2010-02-09 18:11:51", "slug": "cafe-au-lait"}}, {"pk": 10, "model": "coffee.coffeedrink", "fields": {"status": 2, "created": "2010-02-09 18:12:15", "name": "Caf\u00e9 Bombon", "modified": "2010-02-09 18:12:15", "slug": "cafe-bombon"}}, {"pk": 11, "model": "coffee.coffeedrink", "fields": {"status": 2, "created": "2010-02-09 18:12:39", "name": "Caf\u00e9 m\u00e9lange", "modified": "2010-02-09 18:12:39", "slug": "cafe-melange"}}, {"pk": 2, "model": "coffee.coffeedrink", "fields": {"status": 2, "created": "2010-02-04 15:09:51", "name": "Cappuccino", "modified": "2010-02-04 15:09:51", "slug": "cappuccino"}}, {"pk": 14, "model": "coffee.coffeedrink", "fields": {"status": 2, "created": "2010-02-14 19:39:57", "name": "Chemex", "modified": "2010-02-14 19:39:57", "slug": "chemex"}}, {"pk": 12, "model": "coffee.coffeedrink", "fields": {"status": 2, "created": "2010-02-09 18:12:55", "name": "Cortado", "modified": "2010-02-09 18:12:55", "slug": "cortado"}}, {"pk": 3, "model": "coffee.coffeedrink", "fields": {"status": 2, "created": "2010-02-04 15:09:57", "name": "Drip", "modified": "2010-02-04 15:09:57", "slug": "drip"}}, {"pk": 4, "model": "coffee.coffeedrink", "fields": {"status": 2, "created": "2010-02-04 15:10:06", "name": "French Press", "modified": "2010-02-04 15:10:06", "slug": "french-press"}}, {"pk": 13, "model": "coffee.coffeedrink", "fields": {"status": 2, "created": "2010-02-09 18:13:11", "name": "Iced Coffee", "modified": "2010-02-09 18:13:11", "slug": "iced-coffee"}}, {"pk": 1, "model": "coffee.coffeedrink", "fields": {"status": 2, "created": "2010-02-04 15:09:40", "name": "Latte", "modified": "2010-02-04 15:09:40", "slug": "latte"}}, {"pk": 5, "model": "coffee.coffeedrink", "fields": {"status": 2, "created": "2010-02-04 15:10:27", "name": "Macchiato", "modified": "2010-02-04 15:10:27", "slug": "macchiato"}}, {"pk": 8, "model": "coffee.coffeedrink", "fields": {"status": 2, "created": "2010-02-09 18:11:26", "name": "Mocha", "modified": "2010-02-09 18:11:26", "slug": "mocha"}}, {"pk": 15, "model": "coffee.coffeedrink", "fields": {"status": 2, "created": "2010-02-18 12:20:43", "name": "Shot In The Dark", "modified": "2010-02-18 12:20:43", "slug": "shot-dark"}}, {"pk": 2, "model": "coffee.coffeedrinksize", "fields": {"status": 2, "created": "2010-02-04 15:10:59", "name": "12 oz.", "modified": "2010-02-04 15:10:59", "slug": "12-oz"}}, {"pk": 3, "model": "coffee.coffeedrinksize", "fields": {"status": 2, "created": "2010-02-04 15:11:06", "name": "16 oz.", "modified": "2010-02-04 15:11:06", "slug": "16-oz"}}, {"pk": 1, "model": "coffee.coffeedrinksize", "fields": {"status": 2, "created": "2010-02-04 15:10:52", "name": "8 oz.", "modified": "2010-02-04 15:10:52", "slug": "8-oz"}}, {"pk": 2, "model": "coffee.coffeeplacecategory", "fields": {"status": 1, "created": "2010-02-15 12:27:51", "name": "Bakery", "modified": "2010-02-15 12:27:51", "slug": "bakery"}}, {"pk": 1, "model": "coffee.coffeeplacecategory", "fields": {"status": 2, "created": "2010-02-08 16:15:15", "name": "Coffee Shop", "modified": "2010-02-08 16:15:15", "slug": "coffee-shop"}}, {"pk": 11, "model": "coffee.coffeeplace", "fields": {"status": 2, "roaster": 1, "name": "Albina Press", "zip": "97214", "city": "Portland", "created": "2010-02-20 11:25:17", "modified": "2010-02-20 11:25:17", "state": "OR", "address": "4637 N Albina Ave.", "coffee_place_categories": [1], "slug": "albina-press"}}, {"pk": 5, "model": "coffee.coffeeplace", "fields": {"status": 2, "roaster": null, "name": "Barista", "zip": "97217", "city": "Portland", "created": "2010-02-08 16:15:20", "modified": "2010-02-08 16:17:11", "state": "OR", "address": "539 NW 13th Avenue", "coffee_place_categories": [1], "slug": "barista"}}, {"pk": 10, "model": "coffee.coffeeplace", "fields": {"status": 2, "roaster": 9, "name": "Frenchy", "zip": "97214", "city": "Portland", "created": "2010-02-18 16:01:38", "modified": "2010-02-18 16:01:38", "state": "OR", "address": "107 SE Washington St. ", "coffee_place_categories": [1], "slug": "frenchy"}}, {"pk": 3, "model": "coffee.coffeeplace", "fields": {"status": 2, "roaster": 4, "name": "Heart", "zip": "97214", "city": "Portland", "created": "2010-02-05 18:10:56", "modified": "2010-02-05 18:10:56", "state": "OR", "address": "2211 E. Burnside", "coffee_place_categories": [], "slug": "heart"}}, {"pk": 9, "model": "coffee.coffeeplace", "fields": {"status": 2, "roaster": null, "name": "Kettleman Bagels & Bakery", "zip": "97204", "city": "Portland", "created": "2010-02-15 12:28:03", "modified": "2010-02-16 18:03:27", "state": "Oregon", "address": "845 SW 4th Ave", "coffee_place_categories": [2], "slug": "kettleman-bagels-bakery"}}, {"pk": 6, "model": "coffee.coffeeplace", "fields": {"status": 2, "roaster": 2, "name": "Little Red Bike Cafe", "zip": "97203", "city": "Portland", "created": "2010-02-14 12:06:59", "modified": "2010-02-14 19:41:10", "state": "OR", "address": "4823 N Lombard St", "coffee_place_categories": [], "slug": "little-red-bike-cafe"}}, {"pk": 2, "model": "coffee.coffeeplace", "fields": {"status": 2, "roaster": 3, "name": "Spella Caffe - 5th Street", "zip": "97204", "city": "Portland", "created": "2010-02-04 15:29:38", "modified": "2010-02-04 15:29:38", "state": "OR", "address": "520 SW 5th", "coffee_place_categories": [], "slug": "spella-caffe-5th-street"}}, {"pk": 8, "model": "coffee.coffeeplace", "fields": {"status": 2, "roaster": 8, "name": "Sterling Coffee Roasters", "zip": "97209", "city": "Portland", "created": "2010-02-14 19:09:43", "modified": "2010-02-14 19:41:58", "state": "OR", "address": "2120 NW Gilsan Ave", "coffee_place_categories": [1], "slug": "sterling-coffee-roasters"}}, {"pk": 1, "model": "coffee.coffeeplace", "fields": {"status": 2, "roaster": 1, "name": "Stumptown Coffee Roasters - Downtown", "zip": "97204", "city": "Portland", "created": "2010-02-04 15:25:25", "modified": "2010-02-04 15:28:04", "state": "OR", "address": "128 SW 3rd Ave", "coffee_place_categories": [], "slug": "stumptown-coffee-roasters-downtown"}}, {"pk": 1, "model": "coffee.coffeeplacegeopoint", "fields": {"geo_address": "539 NW 13th Ave, Portland, OR 97209, USA", "created": "2010-02-12 14:15:08", "coffee_place": 5, "modified": "2010-02-12 16:21:28", "geo_point": "POINT (-122.6846089999999947 45.5269789999999972)"}}, {"pk": 2, "model": "coffee.coffeeplacegeopoint", "fields": {"geo_address": "2211 E Burnside St, Portland, OR 97214, USA", "created": "2010-02-12 14:15:08", "coffee_place": 3, "modified": "2010-02-12 16:21:28", "geo_point": "POINT (-122.6432577000000066 45.5228815999999981)"}}, {"pk": 4, "model": "coffee.coffeeplacegeopoint", "fields": {"geo_address": "520 SW 5th Ave, Portland, OR 97204, USA", "created": "2010-02-12 14:15:09", "coffee_place": 2, "modified": "2010-02-12 16:21:28", "geo_point": "POINT (-122.6767799999999937 45.5195890000000034)"}}, {"pk": 5, "model": "coffee.coffeeplacegeopoint", "fields": {"geo_address": "128 SW 3rd Ave, Portland, OR 97204, USA", "created": "2010-02-12 14:15:09", "coffee_place": 1, "modified": "2010-02-12 16:21:28", "geo_point": "POINT (-122.6732760000000013 45.5217409999999987)"}}, {"pk": 11, "model": "coffee.coffeeplacegeopoint", "fields": {"geo_address": "4637 N Albina Ave, Portland, OR 97217, USA", "created": "2010-02-20 11:25:17", "coffee_place": 11, "modified": "2010-02-20 11:25:17", "geo_point": "POINT (-122.6751849999999990 45.5567619999999991)"}}, {"pk": 6, "model": "coffee.coffeeplacegeopoint", "fields": {"geo_address": "4823 N Lombard St, Portland, OR 97203, USA", "created": "2010-02-14 12:06:59", "coffee_place": 6, "modified": "2010-02-14 19:41:11", "geo_point": "POINT (-122.7187090000000040 45.5808060000000026)"}}, {"pk": 9, "model": "coffee.coffeeplacegeopoint", "fields": {"geo_address": "845 SW 4th Ave, Portland, OR 97204, USA", "created": "2010-02-15 12:28:03", "coffee_place": 9, "modified": "2010-02-16 18:03:27", "geo_point": "POINT (-122.6771039000000059 45.5175529999999995)"}}, {"pk": 8, "model": "coffee.coffeeplacegeopoint", "fields": {"geo_address": "2120 NW Glisan St, Portland, OR 97210, USA", "created": "2010-02-14 19:09:43", "coffee_place": 8, "modified": "2010-02-14 19:41:58", "geo_point": "POINT (-122.6953290000000010 45.5259319999999974)"}}, {"pk": 10, "model": "coffee.coffeeplacegeopoint", "fields": {"geo_address": "107 SE Washington St, Portland, OR 97214, USA", "created": "2010-02-18 16:01:39", "coffee_place": 10, "modified": "2010-02-18 16:01:39", "geo_point": "POINT (-122.6642420000000016 45.5185570000000013)"}}, {"pk": 50, "model": "coffee.coffeelog", "fields": {"status": 2, "coffee_place": null, "consumption": "2010-02-21 12:33:41", "created": "2010-02-21 14:33:44", "is_homemade": 1, "modified": "2010-02-21 14:33:44", "coffee_bean": 7, "coffee_drink": 3, "user": 4, "coffee_drink_size": 2, "notes": ""}}, {"pk": 51, "model": "coffee.coffeelog", "fields": {"status": 2, "coffee_place": 6, "consumption": "2010-02-21 11:56:33", "created": "2010-02-21 16:14:44", "is_homemade": 0, "modified": "2010-02-21 16:14:44", "coffee_bean": 17, "coffee_drink": 2, "user": 1, "coffee_drink_size": 1, "notes": ""}}, {"pk": 49, "model": "coffee.coffeelog", "fields": {"status": 2, "coffee_place": 8, "consumption": "2010-02-20 17:47:30", "created": "2010-02-20 19:47:29", "is_homemade": 0, "modified": "2010-02-20 19:47:29", "coffee_bean": 18, "coffee_drink": 15, "user": 5, "coffee_drink_size": 2, "notes": "butterscotch and rum notes"}}, {"pk": 48, "model": "coffee.coffeelog", "fields": {"status": 2, "coffee_place": 6, "consumption": "2010-02-20 14:08:21", "created": "2010-02-20 16:42:25", "is_homemade": 0, "modified": "2010-02-20 16:45:10", "coffee_bean": 17, "coffee_drink": 2, "user": 1, "coffee_drink_size": 1, "notes": ""}}, {"pk": 47, "model": "coffee.coffeelog", "fields": {"status": 2, "coffee_place": 11, "consumption": "2010-02-20 09:26:11", "created": "2010-02-20 11:26:13", "is_homemade": 0, "modified": "2010-02-20 11:26:13", "coffee_bean": 1, "coffee_drink": 2, "user": 1, "coffee_drink_size": 1, "notes": ""}}, {"pk": 46, "model": "coffee.coffeelog", "fields": {"status": 2, "coffee_place": null, "consumption": "2010-02-19 16:34:50", "created": "2010-02-19 18:34:52", "is_homemade": 1, "modified": "2010-02-19 18:34:52", "coffee_bean": 16, "coffee_drink": 3, "user": 1, "coffee_drink_size": 2, "notes": ""}}, {"pk": 45, "model": "coffee.coffeelog", "fields": {"status": 2, "coffee_place": 9, "consumption": "2010-02-19 10:58:06", "created": "2010-02-19 12:58:08", "is_homemade": 0, "modified": "2010-02-19 12:58:08", "coffee_bean": 1, "coffee_drink": 1, "user": 4, "coffee_drink_size": 3, "notes": ""}}, {"pk": 43, "model": "coffee.coffeelog", "fields": {"status": 2, "coffee_place": 1, "consumption": "2010-02-19 09:08:24", "created": "2010-02-19 11:08:27", "is_homemade": 0, "modified": "2010-02-19 11:08:27", "coffee_bean": 1, "coffee_drink": 7, "user": 5, "coffee_drink_size": 1, "notes": ""}}, {"pk": 44, "model": "coffee.coffeelog", "fields": {"status": 2, "coffee_place": 1, "consumption": "2010-02-19 09:08:04", "created": "2010-02-19 11:32:14", "is_homemade": 0, "modified": "2010-02-19 11:32:14", "coffee_bean": 1, "coffee_drink": 1, "user": 1, "coffee_drink_size": 2, "notes": "4 shot"}}, {"pk": 42, "model": "coffee.coffeelog", "fields": {"status": 2, "coffee_place": null, "consumption": "2010-02-18 14:28:17", "created": "2010-02-18 17:00:35", "is_homemade": 1, "modified": "2010-02-18 17:00:35", "coffee_bean": 4, "coffee_drink": 1, "user": 1, "coffee_drink_size": 2, "notes": ""}}, {"pk": 41, "model": "coffee.coffeelog", "fields": {"status": 2, "coffee_place": 10, "consumption": "2010-02-18 14:01:47", "created": "2010-02-18 16:01:48", "is_homemade": 0, "modified": "2010-02-18 16:01:48", "coffee_bean": 15, "coffee_drink": 4, "user": 5, "coffee_drink_size": 1, "notes": ""}}, {"pk": 40, "model": "coffee.coffeelog", "fields": {"status": 2, "coffee_place": 2, "consumption": "2010-02-18 10:46:56", "created": "2010-02-18 12:47:10", "is_homemade": 0, "modified": "2010-02-18 12:47:10", "coffee_bean": 2, "coffee_drink": 1, "user": 4, "coffee_drink_size": 3, "notes": "Vanilla Latte - Too much syrup"}}, {"pk": 39, "model": "coffee.coffeelog", "fields": {"status": 2, "coffee_place": 2, "consumption": "2010-02-18 10:24:00", "created": "2010-02-18 12:24:05", "is_homemade": 0, "modified": "2010-02-18 12:24:05", "coffee_bean": 14, "coffee_drink": 15, "user": 5, "coffee_drink_size": 1, "notes": "8 oz w/ single shot of espresso "}}, {"pk": 38, "model": "coffee.coffeelog", "fields": {"status": 2, "coffee_place": 9, "consumption": "2010-02-17 13:57:09", "created": "2010-02-17 15:57:11", "is_homemade": 0, "modified": "2010-02-17 15:57:11", "coffee_bean": 13, "coffee_drink": 3, "user": 5, "coffee_drink_size": 3, "notes": ""}}, {"pk": 37, "model": "coffee.coffeelog", "fields": {"status": 2, "coffee_place": null, "consumption": "2010-02-17 11:15:08", "created": "2010-02-17 14:00:14", "is_homemade": 1, "modified": "2010-02-17 14:00:14", "coffee_bean": 5, "coffee_drink": 4, "user": 1, "coffee_drink_size": 2, "notes": ""}}, {"pk": 36, "model": "coffee.coffeelog", "fields": {"status": 2, "coffee_place": 2, "consumption": "2010-02-16 15:28:51", "created": "2010-02-16 17:58:57", "is_homemade": 0, "modified": "2010-02-16 17:58:57", "coffee_bean": 2, "coffee_drink": 2, "user": 1, "coffee_drink_size": 1, "notes": ""}}, {"pk": 34, "model": "coffee.coffeelog", "fields": {"status": 2, "coffee_place": 9, "consumption": "2010-02-16 10:19:57", "created": "2010-02-16 12:19:59", "is_homemade": 0, "modified": "2010-02-16 12:47:41", "coffee_bean": 1, "coffee_drink": 1, "user": 4, "coffee_drink_size": 3, "notes": ""}}, {"pk": 35, "model": "coffee.coffeelog", "fields": {"status": 2, "coffee_place": 1, "consumption": "2010-02-16 10:06:25", "created": "2010-02-16 12:44:46", "is_homemade": 0, "modified": "2010-02-16 12:44:46", "coffee_bean": 1, "coffee_drink": 1, "user": 1, "coffee_drink_size": 2, "notes": "Triple shot"}}, {"pk": 33, "model": "coffee.coffeelog", "fields": {"status": 2, "coffee_place": 9, "consumption": "2010-02-16 09:47:38", "created": "2010-02-16 11:48:17", "is_homemade": 0, "modified": "2010-02-16 11:48:17", "coffee_bean": 13, "coffee_drink": 3, "user": 5, "coffee_drink_size": 3, "notes": "Pineapple, honey, raspberry and cashew with a sweet caramel finish"}}, {"pk": 31, "model": "coffee.coffeelog", "fields": {"status": 2, "coffee_place": 9, "consumption": "2010-02-15 10:28:09", "created": "2010-02-15 12:28:14", "is_homemade": 0, "modified": "2010-02-16 12:47:54", "coffee_bean": 1, "coffee_drink": 1, "user": 4, "coffee_drink_size": 3, "notes": ""}}, {"pk": 32, "model": "coffee.coffeelog", "fields": {"status": 2, "coffee_place": null, "consumption": "2010-02-15 09:55:10", "created": "2010-02-15 12:56:18", "is_homemade": 1, "modified": "2010-02-15 12:56:18", "coffee_bean": 9, "coffee_drink": 3, "user": 1, "coffee_drink_size": null, "notes": ""}}, {"pk": 30, "model": "coffee.coffeelog", "fields": {"status": 2, "coffee_place": 8, "consumption": "2010-02-14 17:10:34", "created": "2010-02-14 19:10:43", "is_homemade": 0, "modified": "2010-02-14 19:12:07", "coffee_bean": 11, "coffee_drink": 7, "user": 5, "coffee_drink_size": 1, "notes": ""}}, {"pk": 29, "model": "coffee.coffeelog", "fields": {"status": 2, "coffee_place": null, "consumption": "2010-02-14 15:09:48", "created": "2010-02-14 17:09:51", "is_homemade": 1, "modified": "2010-02-14 17:09:51", "coffee_bean": 7, "coffee_drink": 3, "user": 4, "coffee_drink_size": 1, "notes": ""}}, {"pk": 28, "model": "coffee.coffeelog", "fields": {"status": 2, "coffee_place": 6, "consumption": "2010-02-14 10:07:25", "created": "2010-02-14 12:07:42", "is_homemade": 0, "modified": "2010-02-14 12:07:42", "coffee_bean": 6, "coffee_drink": 4, "user": 5, "coffee_drink_size": 3, "notes": ""}}, {"pk": 27, "model": "coffee.coffeelog", "fields": {"status": 2, "coffee_place": null, "consumption": "2010-02-13 10:41:42", "created": "2010-02-13 12:41:44", "is_homemade": 1, "modified": "2010-02-13 12:41:44", "coffee_bean": 10, "coffee_drink": 3, "user": 4, "coffee_drink_size": 2, "notes": ""}}, {"pk": 25, "model": "coffee.coffeelog", "fields": {"status": 2, "coffee_place": 5, "consumption": "2010-02-12 16:17:03", "created": "2010-02-12 18:17:06", "is_homemade": 0, "modified": "2010-02-12 18:17:06", "coffee_bean": 8, "coffee_drink": 1, "user": 4, "coffee_drink_size": 1, "notes": "Citrus, sweet."}}, {"pk": 26, "model": "coffee.coffeelog", "fields": {"status": 2, "coffee_place": 5, "consumption": "2010-02-12 15:36:30", "created": "2010-02-12 18:36:38", "is_homemade": 0, "modified": "2010-02-12 18:36:38", "coffee_bean": 9, "coffee_drink": 2, "user": 1, "coffee_drink_size": 1, "notes": ""}}, {"pk": 23, "model": "coffee.coffeelog", "fields": {"status": 2, "coffee_place": null, "consumption": "2010-02-12 10:01:25", "created": "2010-02-12 12:01:28", "is_homemade": 1, "modified": "2010-02-12 12:01:50", "coffee_bean": 7, "coffee_drink": 3, "user": 4, "coffee_drink_size": 2, "notes": ""}}, {"pk": 24, "model": "coffee.coffeelog", "fields": {"status": 2, "coffee_place": 1, "consumption": "2010-02-12 09:58:24", "created": "2010-02-12 12:22:34", "is_homemade": 0, "modified": "2010-02-12 12:22:34", "coffee_bean": 1, "coffee_drink": 1, "user": 1, "coffee_drink_size": 2, "notes": "Triple shot"}}, {"pk": 21, "model": "coffee.coffeelog", "fields": {"status": 2, "coffee_place": null, "consumption": "2010-02-11 15:51:08", "created": "2010-02-11 17:51:22", "is_homemade": 1, "modified": "2010-02-11 17:51:22", "coffee_bean": 7, "coffee_drink": 3, "user": 4, "coffee_drink_size": 1, "notes": ""}}, {"pk": 20, "model": "coffee.coffeelog", "fields": {"status": 2, "coffee_place": 1, "consumption": "2010-02-11 13:50:58", "created": "2010-02-11 15:51:18", "is_homemade": 0, "modified": "2010-02-11 17:38:25", "coffee_bean": 1, "coffee_drink": 2, "user": 1, "coffee_drink_size": 1, "notes": ""}}, {"pk": 22, "model": "coffee.coffeelog", "fields": {"status": 2, "coffee_place": 1, "consumption": "2010-02-11 13:50:00", "created": "2010-02-11 17:57:33", "is_homemade": 0, "modified": "2010-02-11 17:58:19", "coffee_bean": 1, "coffee_drink": 7, "user": 6, "coffee_drink_size": 2, "notes": ""}}, {"pk": 19, "model": "coffee.coffeelog", "fields": {"status": 2, "coffee_place": null, "consumption": "2010-02-11 08:42:23", "created": "2010-02-11 10:42:28", "is_homemade": 1, "modified": "2010-02-11 10:42:28", "coffee_bean": 4, "coffee_drink": 1, "user": 1, "coffee_drink_size": 2, "notes": ""}}, {"pk": 18, "model": "coffee.coffeelog", "fields": {"status": 2, "coffee_place": 2, "consumption": "2010-02-10 16:04:31", "created": "2010-02-10 18:04:34", "is_homemade": 0, "modified": "2010-02-10 18:04:34", "coffee_bean": 2, "coffee_drink": 2, "user": 1, "coffee_drink_size": 1, "notes": ""}}, {"pk": 17, "model": "coffee.coffeelog", "fields": {"status": 2, "coffee_place": 1, "consumption": "2010-02-10 10:31:08", "created": "2010-02-10 12:21:19", "is_homemade": 0, "modified": "2010-02-10 12:21:19", "coffee_bean": 1, "coffee_drink": 2, "user": 1, "coffee_drink_size": 1, "notes": ""}}, {"pk": 16, "model": "coffee.coffeelog", "fields": {"status": 2, "coffee_place": null, "consumption": "2010-02-10 08:07:27", "created": "2010-02-10 12:07:38", "is_homemade": 1, "modified": "2010-02-10 12:07:38", "coffee_bean": 4, "coffee_drink": 1, "user": 1, "coffee_drink_size": 2, "notes": ""}}, {"pk": 15, "model": "coffee.coffeelog", "fields": {"status": 2, "coffee_place": null, "consumption": "2010-02-09 16:29:31", "created": "2010-02-09 18:29:38", "is_homemade": 1, "modified": "2010-02-09 18:29:38", "coffee_bean": 6, "coffee_drink": 3, "user": 1, "coffee_drink_size": 2, "notes": ""}}, {"pk": 14, "model": "coffee.coffeelog", "fields": {"status": 2, "coffee_place": 1, "consumption": "2010-02-09 09:00:08", "created": "2010-02-09 11:13:14", "is_homemade": 0, "modified": "2010-02-09 11:13:14", "coffee_bean": 1, "coffee_drink": 1, "user": 1, "coffee_drink_size": 2, "notes": "4 shot"}}, {"pk": 13, "model": "coffee.coffeelog", "fields": {"status": 2, "coffee_place": 2, "consumption": "2010-02-08 15:28:02", "created": "2010-02-08 18:04:34", "is_homemade": 0, "modified": "2010-02-08 18:04:34", "coffee_bean": 2, "coffee_drink": 2, "user": 1, "coffee_drink_size": 1, "notes": ""}}, {"pk": 12, "model": "coffee.coffeelog", "fields": {"status": 2, "coffee_place": null, "consumption": "2010-02-08 08:15:55", "created": "2010-02-08 10:49:03", "is_homemade": 1, "modified": "2010-02-08 16:12:12", "coffee_bean": 4, "coffee_drink": 1, "user": 1, "coffee_drink_size": 2, "notes": ""}}, {"pk": 11, "model": "coffee.coffeelog", "fields": {"status": 2, "coffee_place": null, "consumption": "2010-02-07 10:15:05", "created": "2010-02-07 12:36:39", "is_homemade": 1, "modified": "2010-02-08 16:12:32", "coffee_bean": 5, "coffee_drink": 4, "user": 1, "coffee_drink_size": 2, "notes": ""}}, {"pk": 10, "model": "coffee.coffeelog", "fields": {"status": 2, "coffee_place": null, "consumption": "2010-02-06 13:15:44", "created": "2010-02-06 15:30:04", "is_homemade": 1, "modified": "2010-02-08 16:12:43", "coffee_bean": 4, "coffee_drink": 1, "user": 1, "coffee_drink_size": 2, "notes": ""}}, {"pk": 9, "model": "coffee.coffeelog", "fields": {"status": 2, "coffee_place": 3, "consumption": "2010-02-05 15:44:44", "created": "2010-02-05 18:14:54", "is_homemade": 0, "modified": "2010-02-11 17:39:37", "coffee_bean": 3, "coffee_drink": 2, "user": 1, "coffee_drink_size": 1, "notes": ""}}, {"pk": 8, "model": "coffee.coffeelog", "fields": {"status": 2, "coffee_place": 1, "consumption": "2010-02-05 09:53:24", "created": "2010-02-05 12:06:35", "is_homemade": 0, "modified": "2010-02-11 17:39:43", "coffee_bean": 1, "coffee_drink": 2, "user": 1, "coffee_drink_size": 1, "notes": ""}}, {"pk": 7, "model": "coffee.coffeelog", "fields": {"status": 2, "coffee_place": 2, "consumption": "2010-02-04 15:26:04", "created": "2010-02-04 17:26:07", "is_homemade": 0, "modified": "2010-02-11 17:39:48", "coffee_bean": 2, "coffee_drink": 2, "user": 1, "coffee_drink_size": 1, "notes": ""}}, {"pk": 4, "model": "coffee.coffeelog", "fields": {"status": 2, "coffee_place": 1, "consumption": "2010-02-04 10:00:00", "created": "2010-02-04 15:34:07", "is_homemade": 0, "modified": "2010-02-11 17:39:53", "coffee_bean": 1, "coffee_drink": 1, "user": 1, "coffee_drink_size": 2, "notes": "Triple shot"}}, {"pk": 6, "model": "coffee.coffeelog", "fields": {"status": 2, "coffee_place": 2, "consumption": "2010-02-03 10:04:00", "created": "2010-02-04 16:31:41", "is_homemade": 0, "modified": "2010-02-08 16:13:22", "coffee_bean": 2, "coffee_drink": 1, "user": 1, "coffee_drink_size": 2, "notes": ""}}, {"pk": 5, "model": "coffee.coffeelog", "fields": {"status": 2, "coffee_place": 1, "consumption": "2010-02-02 16:21:41", "created": "2010-02-04 16:27:36", "is_homemade": 0, "modified": "2010-02-11 17:39:57", "coffee_bean": 1, "coffee_drink": 2, "user": 1, "coffee_drink_size": 1, "notes": ""}}, {"pk": 6, "model": "users.userprofile", "fields": {"status": 2, "created": "2010-02-20 19:30:42", "user": 8, "modified": "2010-02-20 19:30:42", "confirmation_hash": "fb0aefc698743e92f95794a905a2f58f31b81022"}}, {"pk": 2, "model": "users.userprofile", "fields": {"status": 2, "created": "2010-02-11 17:45:33", "user": 4, "modified": "2010-02-11 17:45:33", "confirmation_hash": ""}}, {"pk": 3, "model": "users.userprofile", "fields": {"status": 2, "created": "2010-02-11 17:53:38", "user": 5, "modified": "2010-02-11 17:53:38", "confirmation_hash": ""}}, {"pk": 4, "model": "users.userprofile", "fields": {"status": 2, "created": "2010-02-11 17:54:34", "user": 6, "modified": "2010-02-11 17:54:34", "confirmation_hash": ""}}, {"pk": 5, "model": "users.userprofile", "fields": {"status": 2, "created": "2010-02-12 19:00:17", "user": 7, "modified": "2010-02-12 19:00:17", "confirmation_hash": "4e054d848c93153da1d790db0ad0853abe0d818e"}}, {"pk": 1, "model": "south.migrationhistory", "fields": {"applied": "2010-02-12 22:49:58", "app_name": "coffee", "migration": "0001_initial"}}, {"pk": 2, "model": "south.migrationhistory", "fields": {"applied": "2010-02-12 22:50:11", "app_name": "users", "migration": "0001_initial"}}]
