[{"pk": 7, "model": "coffee.coffeeroaster", "fields": {"status": 2, "name": "Barefoot Coffee Roasters", "created": "2010-02-12 18:32:49", "url": "http://barefootcoffee.com/", "modified": "2010-02-12 18:32:49", "slug": "barefoot-coffee-roasters"}}, {"pk": 2, "model": "coffee.coffeeroaster", "fields": {"status": 2, "name": "Courier Coffee", "created": "2010-02-04 15:07:48", "url": "http://www.couriercoffeeroasters.com/", "modified": "2010-02-04 15:07:48", "slug": "courier-coffee"}}, {"pk": 4, "model": "coffee.coffeeroaster", "fields": {"status": 2, "name": "Heart Roasters", "created": "2010-02-05 18:10:22", "url": "http://heartroasters.com/", "modified": "2010-02-05 18:10:22", "slug": "heart-roasters"}}, {"pk": 5, "model": "coffee.coffeeroaster", "fields": {"status": 2, "name": "Olympia Coffee Roasting Co.", "created": "2010-02-06 15:25:53", "url": "http://www.olycoffee.com/", "modified": "2010-02-06 15:25:53", "slug": "olympia-coffee-roasting-co"}}, {"pk": 3, "model": "coffee.coffeeroaster", "fields": {"status": 2, "name": "Spella Caffe", "created": "2010-02-04 15:28:50", "url": "http://spellacaffe.com/", "modified": "2010-02-04 15:28:50", "slug": "spella-caffe"}}, {"pk": 8, "model": "coffee.coffeeroaster", "fields": {"status": 2, "name": "Sterling Coffee Roasters", "created": "2010-02-14 19:07:12", "url": "http://www.sterlingcoffeeroasters.com/", "modified": "2010-02-14 19:20:37", "slug": "sterling-coffee-roasters"}}, {"pk": 1, "model": "coffee.coffeeroaster", "fields": {"status": 2, "name": "Stumptown Coffee Roasters", "created": "2010-02-04 15:07:20", "url": "http://stumptowncoffee.com/", "modified": "2010-02-04 15:08:00", "slug": "stumptown-coffee-roasters"}}, {"pk": 6, "model": "coffee.coffeeroaster", "fields": {"status": 2, "name": "Verve", "created": "2010-02-12 18:16:49", "url": "http://vervecoffeeroasters.myshopify.com/", "modified": "2010-02-12 18:20:39", "slug": "verve"}}, {"pk": 3, "model": "coffee.coffeebean", "fields": {"status": 2, "roaster": 4, "name": "Blend of Guatemala Villaure and Ethiopia Yirgacheffe", "created": "2010-02-05 18:11:55", "modified": "2010-02-05 18:11:55", "type": "Espresso", "slug": "blend-guatemala-villaure-and-ethiopia-yirgacheffe"}}, {"pk": 7, "model": "coffee.coffeebean", "fields": {"status": 2, "roaster": 4, "name": "Brazil Chapadao de Ferro", "created": "2010-02-11 17:50:51", "modified": "2010-02-11 17:50:51", "type": "Brazil", "slug": "brazil-chapadao-de-ferro"}}, {"pk": 13, "model": "coffee.coffeebean", "fields": {"status": 2, "roaster": 1, "name": "Columbia La Esperanza", "created": "2010-02-16 11:47:08", "modified": "2010-02-16 11:47:08", "type": "coffee bean", "slug": "columbia-la-esperanza"}}, {"pk": 10, "model": "coffee.coffeebean", "fields": {"status": 1, "roaster": 1, "name": "Columbian El Jordan", "created": "2010-02-13 12:41:33", "modified": "2010-02-13 12:41:33", "type": "Bean", "slug": "columbian-el-jordan"}}, {"pk": 11, "model": "coffee.coffeebean", "fields": {"status": 2, "roaster": 8, "name": "El Salvador", "created": "2010-02-14 19:07:44", "modified": "2010-02-14 19:07:44", "type": "espresso", "slug": "el-salvador"}}, {"pk": 5, "model": "coffee.coffeebean", "fields": {"status": 2, "roaster": 5, "name": "Ethiopia Amaro Gayo", "created": "2010-02-07 12:35:35", "modified": "2010-02-07 12:35:35", "type": "Ethiopia", "slug": "ethiopia-amaro-gayo"}}, {"pk": 4, "model": "coffee.coffeebean", "fields": {"status": 2, "roaster": 5, "name": "Guatemala Finca Santa Isabel", "created": "2010-02-06 15:28:28", "modified": "2010-02-06 15:28:28", "type": "Espresso", "slug": "guatemala-finca-santa-isabel"}}, {"pk": 8, "model": "coffee.coffeebean", "fields": {"status": 2, "roaster": 6, "name": "Haile, Ethipoia Sidamo", "created": "2010-02-12 18:16:52", "modified": "2010-02-12 18:21:19", "type": "Espresso", "slug": "haile-ethiopia-sidamo-verve"}}, {"pk": 1, "model": "coffee.coffeebean", "fields": {"status": 2, "roaster": 1, "name": "Hair Bender", "created": "2010-02-04 15:12:59", "modified": "2010-02-04 15:12:59", "type": "Espresso", "slug": "hair-bender"}}, {"pk": 9, "model": "coffee.coffeebean", "fields": {"status": 2, "roaster": 7, "name": "Honey Michicoy, Guatemala", "created": "2010-02-12 18:35:45", "modified": "2010-02-12 18:35:45", "type": "Crazy fruit bomb of honey & maple syrup with bing cherries, blackberries and apple.", "slug": "honey-michicoy-guatemala"}}, {"pk": 6, "model": "coffee.coffeebean", "fields": {"status": 2, "roaster": 2, "name": "Peru", "created": "2010-02-09 18:06:37", "modified": "2010-02-09 18:06:37", "type": "Peru Rodriguez de Mendoza, organically grown", "slug": "peru"}}, {"pk": 2, "model": "coffee.coffeebean", "fields": {"status": 2, "roaster": 3, "name": "Spella Espresso", "created": "2010-02-04 16:32:13", "modified": "2010-02-04 16:32:13", "type": "Espresso", "slug": "spella-espresso"}}, {"pk": 12, "model": "coffee.coffeebean", "fields": {"status": 1, "roaster": 1, "name": "Stumptown Espresso", "created": "2010-02-15 12:26:37", "modified": "2010-02-15 12:26:37", "type": "Espresso", "slug": "stumptown-espresso"}}, {"pk": 6, "model": "coffee.coffeedrink", "fields": {"status": 2, "created": "2010-02-09 18:10:40", "name": "Affogato", "modified": "2010-02-09 18:10:40", "slug": "affogato"}}, {"pk": 7, "model": "coffee.coffeedrink", "fields": {"status": 2, "created": "2010-02-09 18:11:08", "name": "Americano", "modified": "2010-02-09 18:11:08", "slug": "americano"}}, {"pk": 9, "model": "coffee.coffeedrink", "fields": {"status": 1, "created": "2010-02-09 18:11:51", "name": "Caf\u00e9 au lait", "modified": "2010-02-09 18:11:51", "slug": "cafe-au-lait"}}, {"pk": 10, "model": "coffee.coffeedrink", "fields": {"status": 2, "created": "2010-02-09 18:12:15", "name": "Caf\u00e9 Bombon", "modified": "2010-02-09 18:12:15", "slug": "cafe-bombon"}}, {"pk": 11, "model": "coffee.coffeedrink", "fields": {"status": 2, "created": "2010-02-09 18:12:39", "name": "Caf\u00e9 m\u00e9lange", "modified": "2010-02-09 18:12:39", "slug": "cafe-melange"}}, {"pk": 2, "model": "coffee.coffeedrink", "fields": {"status": 2, "created": "2010-02-04 15:09:51", "name": "Cappuccino", "modified": "2010-02-04 15:09:51", "slug": "cappuccino"}}, {"pk": 14, "model": "coffee.coffeedrink", "fields": {"status": 2, "created": "2010-02-14 19:39:57", "name": "Chemex", "modified": "2010-02-14 19:39:57", "slug": "chemex"}}, {"pk": 12, "model": "coffee.coffeedrink", "fields": {"status": 2, "created": "2010-02-09 18:12:55", "name": "Cortado", "modified": "2010-02-09 18:12:55", "slug": "cortado"}}, {"pk": 3, "model": "coffee.coffeedrink", "fields": {"status": 2, "created": "2010-02-04 15:09:57", "name": "Drip", "modified": "2010-02-04 15:09:57", "slug": "drip"}}, {"pk": 4, "model": "coffee.coffeedrink", "fields": {"status": 2, "created": "2010-02-04 15:10:06", "name": "French Press", "modified": "2010-02-04 15:10:06", "slug": "french-press"}}, {"pk": 13, "model": "coffee.coffeedrink", "fields": {"status": 2, "created": "2010-02-09 18:13:11", "name": "Iced Coffee", "modified": "2010-02-09 18:13:11", "slug": "iced-coffee"}}, {"pk": 1, "model": "coffee.coffeedrink", "fields": {"status": 2, "created": "2010-02-04 15:09:40", "name": "Latte", "modified": "2010-02-04 15:09:40", "slug": "latte"}}, {"pk": 5, "model": "coffee.coffeedrink", "fields": {"status": 2, "created": "2010-02-04 15:10:27", "name": "Macchiato", "modified": "2010-02-04 15:10:27", "slug": "macchiato"}}, {"pk": 8, "model": "coffee.coffeedrink", "fields": {"status": 2, "created": "2010-02-09 18:11:26", "name": "Mocha", "modified": "2010-02-09 18:11:26", "slug": "mocha"}}, {"pk": 2, "model": "coffee.coffeedrinksize", "fields": {"status": 2, "created": "2010-02-04 15:10:59", "name": "12 oz.", "modified": "2010-02-04 15:10:59", "slug": "12-oz"}}, {"pk": 3, "model": "coffee.coffeedrinksize", "fields": {"status": 2, "created": "2010-02-04 15:11:06", "name": "16 oz.", "modified": "2010-02-04 15:11:06", "slug": "16-oz"}}, {"pk": 1, "model": "coffee.coffeedrinksize", "fields": {"status": 2, "created": "2010-02-04 15:10:52", "name": "8 oz.", "modified": "2010-02-04 15:10:52", "slug": "8-oz"}}, {"pk": 2, "model": "coffee.coffeeplacecategory", "fields": {"status": 1, "created": "2010-02-15 12:27:51", "name": "Bakery", "modified": "2010-02-15 12:27:51", "slug": "bakery"}}, {"pk": 1, "model": "coffee.coffeeplacecategory", "fields": {"status": 2, "created": "2010-02-08 16:15:15", "name": "Coffee Shop", "modified": "2010-02-08 16:15:15", "slug": "coffee-shop"}}, {"pk": 5, "model": "coffee.coffeeplace", "fields": {"status": 2, "roaster": null, "name": "Barista", "zip": "97217", "city": "Portland", "created": "2010-02-08 16:15:20", "modified": "2010-02-08 16:17:11", "state": "OR", "address": "539 NW 13th Avenue", "coffee_place_categories": [1], "slug": "barista"}}, {"pk": 3, "model": "coffee.coffeeplace", "fields": {"status": 2, "roaster": 4, "name": "Heart", "zip": "97214", "city": "Portland", "created": "2010-02-05 18:10:56", "modified": "2010-02-05 18:10:56", "state": "OR", "address": "2211 E. Burnside", "coffee_place_categories": [], "slug": "heart"}}, {"pk": 4, "model": "coffee.coffeeplace", "fields": {"status": 2, "roaster": null, "name": "Home", "zip": "97203", "city": "Portland", "created": "2010-02-06 15:29:06", "modified": "2010-02-06 15:29:06", "state": "OR", "address": "7719 N. McKenna Ave.", "coffee_place_categories": [], "slug": "home"}}, {"pk": 9, "model": "coffee.coffeeplace", "fields": {"status": 2, "roaster": null, "name": "Kettleman Bagels & Bakery", "zip": "97204", "city": "Portland", "created": "2010-02-15 12:28:03", "modified": "2010-02-16 18:03:27", "state": "Oregon", "address": "845 SW 4th Ave", "coffee_place_categories": [2], "slug": "kettleman-bagels-bakery"}}, {"pk": 6, "model": "coffee.coffeeplace", "fields": {"status": 2, "roaster": 2, "name": "Little Red Bike Cafe", "zip": "97203", "city": "Portland", "created": "2010-02-14 12:06:59", "modified": "2010-02-14 19:41:10", "state": "OR", "address": "4823 N Lombard St", "coffee_place_categories": [], "slug": "little-red-bike-cafe"}}, {"pk": 2, "model": "coffee.coffeeplace", "fields": {"status": 2, "roaster": 3, "name": "Spella Caffe - 5th Street", "zip": "97204", "city": "Portland", "created": "2010-02-04 15:29:38", "modified": "2010-02-04 15:29:38", "state": "OR", "address": "520 SW 5th", "coffee_place_categories": [], "slug": "spella-caffe-5th-street"}}, {"pk": 8, "model": "coffee.coffeeplace", "fields": {"status": 2, "roaster": 8, "name": "Sterling Coffee Roasters", "zip": "97209", "city": "Portland", "created": "2010-02-14 19:09:43", "modified": "2010-02-14 19:41:58", "state": "OR", "address": "2120 NW Gilsan Ave", "coffee_place_categories": [1], "slug": "sterling-coffee-roasters"}}, {"pk": 1, "model": "coffee.coffeeplace", "fields": {"status": 2, "roaster": 1, "name": "Stumptown Coffee Roasters - Downtown", "zip": "97204", "city": "Portland", "created": "2010-02-04 15:25:25", "modified": "2010-02-04 15:28:04", "state": "OR", "address": "128 SW 3rd Ave", "coffee_place_categories": [], "slug": "stumptown-coffee-roasters-downtown"}}, {"pk": 36, "model": "coffee.coffeelog", "fields": {"status": 2, "coffee_place": 2, "consumption": "2010-02-16 15:28:51", "created": "2010-02-16 17:58:57", "is_homemade": 0, "modified": "2010-02-16 17:58:57", "coffee_bean": 2, "coffee_drink": 2, "user": 1, "coffee_drink_size": 1, "notes": ""}}, {"pk": 34, "model": "coffee.coffeelog", "fields": {"status": 2, "coffee_place": 9, "consumption": "2010-02-16 10:19:57", "created": "2010-02-16 12:19:59", "is_homemade": 0, "modified": "2010-02-16 12:47:41", "coffee_bean": 1, "coffee_drink": 1, "user": 4, "coffee_drink_size": 3, "notes": ""}}, {"pk": 35, "model": "coffee.coffeelog", "fields": {"status": 2, "coffee_place": 1, "consumption": "2010-02-16 10:06:25", "created": "2010-02-16 12:44:46", "is_homemade": 0, "modified": "2010-02-16 12:44:46", "coffee_bean": 1, "coffee_drink": 1, "user": 1, "coffee_drink_size": 2, "notes": "Triple shot"}}, {"pk": 33, "model": "coffee.coffeelog", "fields": {"status": 2, "coffee_place": 9, "consumption": "2010-02-16 09:47:38", "created": "2010-02-16 11:48:17", "is_homemade": 0, "modified": "2010-02-16 11:48:17", "coffee_bean": 13, "coffee_drink": 3, "user": 5, "coffee_drink_size": 3, "notes": "Pineapple, honey, raspberry and cashew with a sweet caramel finish"}}, {"pk": 31, "model": "coffee.coffeelog", "fields": {"status": 2, "coffee_place": 9, "consumption": "2010-02-15 10:28:09", "created": "2010-02-15 12:28:14", "is_homemade": 0, "modified": "2010-02-16 12:47:54", "coffee_bean": 1, "coffee_drink": 1, "user": 4, "coffee_drink_size": 3, "notes": ""}}, {"pk": 32, "model": "coffee.coffeelog", "fields": {"status": 2, "coffee_place": null, "consumption": "2010-02-15 09:55:10", "created": "2010-02-15 12:56:18", "is_homemade": 1, "modified": "2010-02-15 12:56:18", "coffee_bean": 9, "coffee_drink": 3, "user": 1, "coffee_drink_size": null, "notes": ""}}, {"pk": 30, "model": "coffee.coffeelog", "fields": {"status": 2, "coffee_place": 8, "consumption": "2010-02-14 17:10:34", "created": "2010-02-14 19:10:43", "is_homemade": 0, "modified": "2010-02-14 19:12:07", "coffee_bean": 11, "coffee_drink": 7, "user": 5, "coffee_drink_size": 1, "notes": ""}}, {"pk": 29, "model": "coffee.coffeelog", "fields": {"status": 2, "coffee_place": null, "consumption": "2010-02-14 15:09:48", "created": "2010-02-14 17:09:51", "is_homemade": 1, "modified": "2010-02-14 17:09:51", "coffee_bean": 7, "coffee_drink": 3, "user": 4, "coffee_drink_size": 1, "notes": ""}}, {"pk": 28, "model": "coffee.coffeelog", "fields": {"status": 2, "coffee_place": 6, "consumption": "2010-02-14 10:07:25", "created": "2010-02-14 12:07:42", "is_homemade": 0, "modified": "2010-02-14 12:07:42", "coffee_bean": 6, "coffee_drink": 4, "user": 5, "coffee_drink_size": 3, "notes": ""}}, {"pk": 27, "model": "coffee.coffeelog", "fields": {"status": 2, "coffee_place": null, "consumption": "2010-02-13 10:41:42", "created": "2010-02-13 12:41:44", "is_homemade": 1, "modified": "2010-02-13 12:41:44", "coffee_bean": 10, "coffee_drink": 3, "user": 4, "coffee_drink_size": 2, "notes": ""}}, {"pk": 25, "model": "coffee.coffeelog", "fields": {"status": 2, "coffee_place": 5, "consumption": "2010-02-12 16:17:03", "created": "2010-02-12 18:17:06", "is_homemade": 0, "modified": "2010-02-12 18:17:06", "coffee_bean": 8, "coffee_drink": 1, "user": 4, "coffee_drink_size": 1, "notes": "Citrus, sweet."}}, {"pk": 26, "model": "coffee.coffeelog", "fields": {"status": 2, "coffee_place": 5, "consumption": "2010-02-12 15:36:30", "created": "2010-02-12 18:36:38", "is_homemade": 0, "modified": "2010-02-12 18:36:38", "coffee_bean": 9, "coffee_drink": 2, "user": 1, "coffee_drink_size": 1, "notes": ""}}, {"pk": 23, "model": "coffee.coffeelog", "fields": {"status": 2, "coffee_place": null, "consumption": "2010-02-12 10:01:25", "created": "2010-02-12 12:01:28", "is_homemade": 1, "modified": "2010-02-12 12:01:50", "coffee_bean": 7, "coffee_drink": 3, "user": 4, "coffee_drink_size": 2, "notes": ""}}, {"pk": 24, "model": "coffee.coffeelog", "fields": {"status": 2, "coffee_place": 1, "consumption": "2010-02-12 09:58:24", "created": "2010-02-12 12:22:34", "is_homemade": 0, "modified": "2010-02-12 12:22:34", "coffee_bean": 1, "coffee_drink": 1, "user": 1, "coffee_drink_size": 2, "notes": "Triple shot"}}, {"pk": 21, "model": "coffee.coffeelog", "fields": {"status": 2, "coffee_place": null, "consumption": "2010-02-11 15:51:08", "created": "2010-02-11 17:51:22", "is_homemade": 1, "modified": "2010-02-11 17:51:22", "coffee_bean": 7, "coffee_drink": 3, "user": 4, "coffee_drink_size": 1, "notes": ""}}, {"pk": 20, "model": "coffee.coffeelog", "fields": {"status": 2, "coffee_place": 1, "consumption": "2010-02-11 13:50:58", "created": "2010-02-11 15:51:18", "is_homemade": 0, "modified": "2010-02-11 17:38:25", "coffee_bean": 1, "coffee_drink": 2, "user": 1, "coffee_drink_size": 1, "notes": ""}}, {"pk": 22, "model": "coffee.coffeelog", "fields": {"status": 2, "coffee_place": 1, "consumption": "2010-02-11 13:50:00", "created": "2010-02-11 17:57:33", "is_homemade": 0, "modified": "2010-02-11 17:58:19", "coffee_bean": 1, "coffee_drink": 7, "user": 6, "coffee_drink_size": 2, "notes": ""}}, {"pk": 19, "model": "coffee.coffeelog", "fields": {"status": 2, "coffee_place": null, "consumption": "2010-02-11 08:42:23", "created": "2010-02-11 10:42:28", "is_homemade": 1, "modified": "2010-02-11 10:42:28", "coffee_bean": 4, "coffee_drink": 1, "user": 1, "coffee_drink_size": 2, "notes": ""}}, {"pk": 18, "model": "coffee.coffeelog", "fields": {"status": 2, "coffee_place": 2, "consumption": "2010-02-10 16:04:31", "created": "2010-02-10 18:04:34", "is_homemade": 0, "modified": "2010-02-10 18:04:34", "coffee_bean": 2, "coffee_drink": 2, "user": 1, "coffee_drink_size": 1, "notes": ""}}, {"pk": 17, "model": "coffee.coffeelog", "fields": {"status": 2, "coffee_place": 1, "consumption": "2010-02-10 10:31:08", "created": "2010-02-10 12:21:19", "is_homemade": 0, "modified": "2010-02-10 12:21:19", "coffee_bean": 1, "coffee_drink": 2, "user": 1, "coffee_drink_size": 1, "notes": ""}}, {"pk": 16, "model": "coffee.coffeelog", "fields": {"status": 2, "coffee_place": null, "consumption": "2010-02-10 08:07:27", "created": "2010-02-10 12:07:38", "is_homemade": 1, "modified": "2010-02-10 12:07:38", "coffee_bean": 4, "coffee_drink": 1, "user": 1, "coffee_drink_size": 2, "notes": ""}}, {"pk": 15, "model": "coffee.coffeelog", "fields": {"status": 2, "coffee_place": null, "consumption": "2010-02-09 16:29:31", "created": "2010-02-09 18:29:38", "is_homemade": 1, "modified": "2010-02-09 18:29:38", "coffee_bean": 6, "coffee_drink": 3, "user": 1, "coffee_drink_size": 2, "notes": ""}}, {"pk": 14, "model": "coffee.coffeelog", "fields": {"status": 2, "coffee_place": 1, "consumption": "2010-02-09 09:00:08", "created": "2010-02-09 11:13:14", "is_homemade": 0, "modified": "2010-02-09 11:13:14", "coffee_bean": 1, "coffee_drink": 1, "user": 1, "coffee_drink_size": 2, "notes": "4 shot"}}, {"pk": 13, "model": "coffee.coffeelog", "fields": {"status": 2, "coffee_place": 2, "consumption": "2010-02-08 15:28:02", "created": "2010-02-08 18:04:34", "is_homemade": 0, "modified": "2010-02-08 18:04:34", "coffee_bean": 2, "coffee_drink": 2, "user": 1, "coffee_drink_size": 1, "notes": ""}}, {"pk": 12, "model": "coffee.coffeelog", "fields": {"status": 2, "coffee_place": null, "consumption": "2010-02-08 08:15:55", "created": "2010-02-08 10:49:03", "is_homemade": 1, "modified": "2010-02-08 16:12:12", "coffee_bean": 4, "coffee_drink": 1, "user": 1, "coffee_drink_size": 2, "notes": ""}}, {"pk": 11, "model": "coffee.coffeelog", "fields": {"status": 2, "coffee_place": null, "consumption": "2010-02-07 10:15:05", "created": "2010-02-07 12:36:39", "is_homemade": 1, "modified": "2010-02-08 16:12:32", "coffee_bean": 5, "coffee_drink": 4, "user": 1, "coffee_drink_size": 2, "notes": ""}}, {"pk": 10, "model": "coffee.coffeelog", "fields": {"status": 2, "coffee_place": null, "consumption": "2010-02-06 13:15:44", "created": "2010-02-06 15:30:04", "is_homemade": 1, "modified": "2010-02-08 16:12:43", "coffee_bean": 4, "coffee_drink": 1, "user": 1, "coffee_drink_size": 2, "notes": ""}}, {"pk": 9, "model": "coffee.coffeelog", "fields": {"status": 2, "coffee_place": 3, "consumption": "2010-02-05 15:44:44", "created": "2010-02-05 18:14:54", "is_homemade": 0, "modified": "2010-02-11 17:39:37", "coffee_bean": 3, "coffee_drink": 2, "user": 1, "coffee_drink_size": 1, "notes": ""}}, {"pk": 8, "model": "coffee.coffeelog", "fields": {"status": 2, "coffee_place": 1, "consumption": "2010-02-05 09:53:24", "created": "2010-02-05 12:06:35", "is_homemade": 0, "modified": "2010-02-11 17:39:43", "coffee_bean": 1, "coffee_drink": 2, "user": 1, "coffee_drink_size": 1, "notes": ""}}, {"pk": 7, "model": "coffee.coffeelog", "fields": {"status": 2, "coffee_place": 2, "consumption": "2010-02-04 15:26:04", "created": "2010-02-04 17:26:07", "is_homemade": 0, "modified": "2010-02-11 17:39:48", "coffee_bean": 2, "coffee_drink": 2, "user": 1, "coffee_drink_size": 1, "notes": ""}}, {"pk": 4, "model": "coffee.coffeelog", "fields": {"status": 2, "coffee_place": 1, "consumption": "2010-02-04 10:00:00", "created": "2010-02-04 15:34:07", "is_homemade": 0, "modified": "2010-02-11 17:39:53", "coffee_bean": 1, "coffee_drink": 1, "user": 1, "coffee_drink_size": 2, "notes": "Triple shot"}}, {"pk": 6, "model": "coffee.coffeelog", "fields": {"status": 2, "coffee_place": 2, "consumption": "2010-02-03 10:04:00", "created": "2010-02-04 16:31:41", "is_homemade": 0, "modified": "2010-02-08 16:13:22", "coffee_bean": 2, "coffee_drink": 1, "user": 1, "coffee_drink_size": 2, "notes": ""}}, {"pk": 5, "model": "coffee.coffeelog", "fields": {"status": 2, "coffee_place": 1, "consumption": "2010-02-02 16:21:41", "created": "2010-02-04 16:27:36", "is_homemade": 0, "modified": "2010-02-11 17:39:57", "coffee_bean": 1, "coffee_drink": 2, "user": 1, "coffee_drink_size": 1, "notes": ""}}]
